Order ID,Sales Group,Shipping Point,Payment Terms,Incoterms,Sales Org,Distr Channel,Company Code,Currency,Item Category,Product,Customer ID,Customer Country,Recipient ID,Recipient Country,Bill-to ID,Bill-to Country,Payer ID,Payer Country
0002162289/10,[PREDICT],SP0300,PT26,DDP,S0300,DC90,NL30,EUR,TAN,8265534915,6667163616,DE,6667163616,DE,4753725613,DE,4753725613,DE
0002048090/20,[PREDICT],[PREDICT],[PREDICT],[PREDICT],S1300,DC10,D015,EUR,TAN,6803215503,8682177386,DE,8682177386,DE,8682177386,DE,8682177386,DE
0002358149/31,SG323,SP0001,[PREDICT],DAP,S0010,DC10,D011,USD,TAN,9512801440,3356660324,IE,9011248866,DE,744697549,IE,744697549,IE
0002405388/20,SG705,SP0001,PT32,FCA,S0010,DC10,D011,EUR,ZTCH,3378332345,4742731422,TR,4742731422,TR,4742731422,TR,4742731422,TR
0002380334/33,SG323,SP0001,[PREDICT],DAP,S0010,DC10,D011,USD,TAN,8105975517,3356660324,IE,5975022201,DE,744697549,IE,744697549,IE
0002072587/10,SG301,SP0300,PT26,DDP,S0300,DC90,NL30,EUR,TAN,8265534915,6667163616,DE,6667163616,DE,4753725613,DE,4753725613,DE
0002126065/110,SG487,SP0400,PT95,CIP,S0400,DC10,UK10,GBP,TAN,2274481429,9481463302,GB,1336069523,GB,5529038695,GB,9481463302,GB
0002006620/30,SG767,SP0001,PTC6,DDP,S0010,DC10,D011,EUR,TAN,9473119861,6557510799,DE,4881945743,DE,9927335532,DE,9927335532,DE
0002031836/10,SGR53,SP0001,PT32,FCA,S0010,DC10,D011,USD,TAN,5433793684,13234652,TM,13234652,TM,13234652,TM,13234652,TM
0002024572/20,SG705,SP0001,PT32,FCA,S0010,DC10,D011,EUR,TAN,5447213867,4742731422,TR,4742731422,TR,4742731422,TR,4742731422,TR
0002155684/10,SG480,SP2000,PT32,DDP,S2000,DC10,PL20,EUR,TAN,3012475692,8610831516,ES,9200560019,NL,8610831516,ES,8610831516,ES
0002321793/20,SG250,SP0300,PT70,DDP,S0300,DC10,NL30,EUR,ZTCH,3971394811,8349353204,NL,6965004159,NL,8288862082,NL,8288862082,NL
0002444571/20,SG480,SP2000,PT32,DDP,S2000,DC10,PL20,EUR,ZTCH,3012475692,8610831516,ES,9200560019,NL,8610831516,ES,8610831516,ES
0002254966/10,SG759,SP0301,PT33,DDP,S0300,DC10,NL30,EUR,TAN,7102200822,3983518606,FR,7575198055,FR,3983518606,FR,3983518606,FR
0002017089/20,SG991,SP0001,PT01,DDP,S0010,DC10,D011,EUR,TAN,7538584669,9262820794,DE,9262820794,DE,9262820794,DE,9262820794,DE
0002440528/10,SG464,SP0300,PT70,DDP,S0300,DC10,NL30,EUR,TAN,1979353975,9163308947,AT,8021155383,AT,9163308947,AT,9163308947,AT
0002297737/350,SG159,SP4200,PT03,DDP,S4200,DC10,DK20,SEK,TAN,3250925965,8686364201,SE,7521123098,SE,8686364201,SE,8686364201,SE
0002334162/160,SG436,SP0001,PTC7,DDP,S0010,DC10,D011,EUR,TAN,9717633775,1916933160,DE,904656310,DE,1916933160,DE,1916933160,DE
0002027082/20,SG420,SP0002,PT232,DDP,S0010,DC10,D011,EUR,ZTCH,9027501626,1754951958,DE,1754951958,DE,1754951958,DE,1754951958,DE
0002148850/10,SG419,SP0001,PTD1,DDP,S0010,DC10,D011,EUR,TAN,6619643608,5558939796,DE,5558939796,DE,4814700273,DE,4814700273,DE
0002381725/110,SG421,SP0001,PTD1,DDP,S0010,DC10,D011,EUR,TAN,4069216876,5506299787,DE,615476128,DE,5506299787,DE,5506299787,DE
0002046747/50,SG301,SP0300,PT33,DDP,S0300,DC10,NL30,EUR,TAN,4544724887,8383348969,DE,8383348969,DE,8383348969,DE,8383348969,DE
0002071275/10,SG480,SP2000,PT32,DDP,S2000,DC10,PL20,EUR,TAN,2612386507,8610831516,ES,9200560019,NL,8610831516,ES,8610831516,ES
0002283492/40,SG789,SP0001,PT32,FCA,S0010,DC10,D011,EUR,ZTCH,6732356754,851548071,PL,1488654573,PL,851548071,PL,851548071,PL
0002051519/20,SG421,SP0001,PT202,DDP,S0010,DC10,D011,EUR,TAN,4802728616,8392793759,DE,8392793759,DE,8392793759,DE,8392793759,DE
0002038870/10,SG789,SP0001,PT33,DAP,S0010,DC10,D011,EUR,TAN,5947134018,4150938890,PL,5974139190,PL,4150938890,PL,4150938890,PL
0001988259/140,SG206,SP4200,PT32,DDP,S4200,DC10,DK20,GBP,TAN,4989350481,8146909609,GB,4209629923,GB,8146909609,GB,8146909609,GB
0002025126/10,SG419,SP0001,PT128,DDP,S0010,DC10,D011,EUR,TAN,1273360513,4845405727,DE,4845405727,DE,4845405727,DE,4845405727,DE
0002222479/10,SG303,SP0001,PT03,DDP,S0010,DC10,D011,EUR,TAN,2960411329,3401636466,DE,3401636466,DE,3401636466,DE,3401636466,DE
0002076504/30,SG705,SP0001,PT32,FCA,S0010,DC10,D011,EUR,TAN,5355995241,4742731422,TR,4742731422,TR,4742731422,TR,4742731422,TR
0002330995/10,SG486,SP0700,PT33,DAP,S0700,DC10,PL10,EUR,TAN,8878531160,4197928577,PL,4197928577,PL,4197928577,PL,4197928577,PL
0002123191/10,SG796,SP0700,PT33,DDP,S0700,DC10,PL10,EUR,TAN,5140665764,8470586969,PL,8470586969,PL,8470586969,PL,8470586969,PL
0002201693/31,SG323,SP0001,PT32,DDP,S0010,DC10,D011,USD,TAN,2672994939,1223020718,IE,5552611254,CH,744697549,IE,744697549,IE
0002327769/10,SG789,SP0700,PT32,DAP,S0700,DC10,PL10,PLN,TAN,6615602928,2365366960,PL,2365366960,PL,2365366960,PL,2365366960,PL
0002337701/150,SG421,SP0001,PT102,DDP,S0010,DC10,D011,EUR,TAN,7685927408,6929986647,DE,6929986647,DE,6929986647,DE,6929986647,DE
0002024626/20,SG301,SP0301,PT33,DDP,S0300,DC10,NL30,EUR,ZTCH,8165570012,8383348969,DE,5429586126,DE,8383348969,DE,8383348969,DE
0002433018/20,SG705,SP0300,PT32,FCA,S0300,DC60,NL30,EUR,ZTCH,4176713059,4742731422,TR,4742731422,TR,4742731422,TR,4742731422,TR
0002258905/30,SG548,SP2000,PTA2,DDP,S2000,DC10,PL20,EUR,TAN,2143024623,1496685531,DE,6314908820,DE,1496685531,DE,1496685531,DE
0002059647/20,SG388,SP0001,PT112,DDP,S0010,DC10,D011,EUR,TAN,4809383863,1712863840,DE,1712863840,DE,1712863840,DE,1712863840,DE
0002123636/10,SG266,SP0300,PT32,FCA,S0300,DC10,NL30,EUR,TAN,2953179405,9339024510,FR,236418396,LV,9339024510,FR,9339024510,FR
0002127659/20,SG420,SP1302,PT232,DDP,S1300,DC10,D015,EUR,ZTCH,8791337102,1754951958,DE,1523651062,DE,1754951958,DE,1754951958,DE
0002387242/20,SG796,SP2000,PT32,FCA,S2000,DC10,PL20,EUR,TAN,2015327799,326911198,PL,326911198,PL,326911198,PL,326911198,PL
0002051843/10,SG548,SP0001,PT33,DDP,S0010,DC10,D011,EUR,TAN,9794660700,3043611529,DE,3043611529,DE,9657134080,DE,9657134080,DE
0002241676/10,SG588,SP0001,PT200,DDP,S0010,DC10,D011,EUR,TAN,6619643608,1681194570,DE,1681194570,DE,1681194570,DE,1681194570,DE
0002089212/160,SG206,SP4200,PT03,DDP,S4200,DC10,DK20,EUR,TAN,9802335819,9621870585,IE,9621870585,IE,9621870585,IE,9621870585,IE
0002346526/20,SG796,SP2000,PT32,FCA,S2000,DC10,PL20,EUR,TAN,2015327799,326911198,PL,326911198,PL,326911198,PL,326911198,PL
0002173310/20,SG252,SP0001,PT10,DDP,S0010,DC10,D011,EUR,ZTCH,6640100097,9547227131,NL,2784089096,NL,9178583995,NL,9178583995,NL
0002293881/20,SG464,SP0300,PT70,DDP,S0300,DC10,NL30,EUR,TAN,251303806,9163308947,AT,9254811839,AT,9163308947,AT,9163308947,AT
0002414235/20,SG219,SP0700,PTA2,DAP,S0700,DC10,PL10,EUR,TAN,193435504,5392941216,PL,5392941216,PL,5392941216,PL,5392941216,PL
0002187999/50,SG427,SP0001,PT32,FCA,S0010,DC10,D011,EUR,ZTCH,3622474987,3014747865,RS,3014747865,RS,3014747865,RS,3014747865,RS
0002000774/10,SG789,SP0001,PT32,FCA,S0010,DC10,D011,EUR,TAN,6199218794,851548071,PL,851548071,PL,851548071,PL,851548071,PL
0002211155/40,SG789,SP1300,PT32,FCA,S1300,DC10,D015,EUR,ZTCH,6023646105,851548071,PL,6297747236,PL,851548071,PL,851548071,PL
0002103831/10,SG419,SP0001,PT42,DDP,S0010,DC10,D011,EUR,TAN,6544958200,9856149772,DE,9856149772,DE,414947059,DE,414947059,DE
0002290058/10,SG219,SP0700,PT33,DAP,S0700,DC10,PL10,EUR,TAN,8893165980,3711491883,PL,5104619789,PL,3711491883,PL,3711491883,PL
0002146813/10,SG419,SP0001,PT42,DDP,S0010,DC10,D011,EUR,TAN,1716639498,9856149772,DE,9856149772,DE,414947059,DE,414947059,DE
0002459507/30,SG302,SP0300,PT591,DDP,S0300,DC90,NL30,EUR,TAN,960693750,2370675929,DE,2370675929,DE,2370675929,DE,2370675929,DE
0002391291/50,SG250,SP0001,PT03,DDP,S0010,DC10,D011,EUR,TAN,1343781865,7834456259,NL,911460134,NL,7834456259,NL,7834456259,NL
0002182855/20,SG796,SP0700,PT42,DDP,S0700,DC10,PL10,PLN,TAN,493139199,9139604434,PL,9139604434,PL,9139604434,PL,9139604434,PL
0002307957/20,SG250,SP0300,PT70,DDP,S0300,DC10,NL30,EUR,ZTCH,2060799486,8349353204,NL,6965004159,NL,8288862082,NL,8288862082,NL
0002210711/10,SG419,SP2000,PT42,DDP,S2000,DC10,PL20,EUR,TAN,7645020326,4525234065,DE,2376739802,DE,4525234065,DE,4525234065,DE
0002424860/20,SGR53,SP0001,PT32,FCA,S0010,DC10,D011,EUR,TAN,3405761778,2656773467,KZ,2656773467,KZ,2656773467,KZ,2656773467,KZ
0002216548/90,SG212,SP2000,PT33,FCA,S2000,DC10,PL20,USD,TAN,7086414045,1531223687,US,3423383959,US,1531223687,US,1531223687,US
0002174859/20,SG237,SP0300,PT32,DDP,S0300,DC10,NL30,EUR,ZTCH,7555455570,7275403971,DE,1388413297,DE,7275403971,DE,7275403971,DE
0002309114/10,SG767,SP0301,PT03,DDP,S0300,DC10,NL30,EUR,TAN,9185728377,9917254824,DE,9563271302,DE,9563271302,DE,9563271302,DE
0002122178/60,SG427,SP0001,PT96,DAP,S0010,DC10,D011,EUR,ZTCH,5883473113,5696269078,RS,5696269078,RS,4832963765,CH,4832963765,CH
0002051659/30,SG250,SP0001,PTF7,DDP,S0010,DC10,D011,EUR,TAN,4684794422,2298745536,BE,2298745536,BE,2298745536,BE,2298745536,BE
0002223239/20,SGAG,SP0001,PTF7,DDP,S0010,DC10,D011,GBP,TAN,8140739542,9944712811,GB,7322070931,GB,9944712811,GB,9944712811,GB
0002353730/10,SG705,SP1800,PT105,DDP,S1800,DC10,TR20,TRY,TAN,7691795348,2955341516,TR,2955341516,TR,2955341516,TR,2955341516,TR
0001991364/10,SG323,SP0001,PT32,FCA,S0010,DC10,D011,USD,TAN,242412912,1223020718,IE,5467553546,CZ,744697549,IE,744697549,IE
0002435578/20,SG210,SP0001,PT228,DDP,S0010,DC10,D011,EUR,TAN,7684474582,9909549831,DE,9909549831,DE,9909549831,DE,9909549831,DE
0002297915/20,SG419,SP0001,PT106,DDP,S0010,DC10,D011,EUR,TAN,7741731231,3197732197,DE,3197732197,DE,2630271418,DE,3197732197,DE
0002260416/30,SG322,SP0001,PT128,DDP,S0010,DC10,D011,EUR,TAN,8477928740,3576970673,DE,3576970673,DE,3576970673,DE,3576970673,DE
0002241762/10,SG789,SP0001,PT32,FCA,S0010,DC10,D011,EUR,TAN,9931154482,851548071,PL,1488654573,PL,851548071,PL,851548071,PL
0002164645/20,SG421,SP0001,PTD1,DDP,S0010,DC10,D011,EUR,ZTCH,4069216876,5506299787,DE,4273927472,DE,5506299787,DE,5506299787,DE
0002458517/10,SG159,SP4200,PTF7,FCA,S4200,DC10,DK20,DKK,TAN,1221750053,6730549452,DK,451092358,DK,6730549452,DK,6730549452,DK
0002152375/20,SG322,SP0001,PT228,DDP,S0010,DC10,D011,EUR,TAN,8231200189,6576198872,DE,6576198872,DE,6576198872,DE,6576198872,DE
0002027009/200,SGH10,SP0001,PT32,FCA,S0010,DC10,D011,EUR,TAN,2686499170,8277524028,HU,8277524028,HU,8277524028,HU,8277524028,HU
0002408251/20,SGRJ,SP0300,PT33,DDP,S0300,DC10,NL30,EUR,ZTCH,5533247623,360370169,GB,9598057864,GB,1111588979,GB,1111588979,GB
0002285858/10,SG705,SP0001,PT32,FCA,S0010,DC10,D011,EUR,TAN,1285230548,4742731422,TR,4742731422,TR,4742731422,TR,4742731422,TR
0002451298/20,SG130,SP2000,PT32,EXW,S2000,DC10,PL20,EUR,ZTCH,6905520369,5842412165,NL,2421896693,NL,5842412165,NL,5842412165,NL
0001993769/10,SG502,SP0700,PT33,DAP,S0700,DC10,PL10,EUR,TAN,7001115151,212677443,PL,212677443,PL,212677443,PL,212677443,PL
0001995438/10,SG421,SP0001,PT100,DDP,S0010,DC10,D011,EUR,TAN,3094651485,4548373629,DE,4548373629,DE,4548373629,DE,4548373629,DE
0002201439/10,SG219,SP0700,PT33,DAP,S0700,DC10,PL10,EUR,TAN,8863664667,468246121,PL,468246121,PL,468246121,PL,468246121,PL
0002402609/10,SG219,SP0700,PT33,DAP,S0700,DC10,PL10,EUR,TAN,7257855390,4927918485,PL,4041316495,PL,4927918485,PL,4927918485,PL
0002424880/10,SG328,SP0001,PT591,DDP,S0010,DC10,D011,EUR,TAN,7088465121,9023380781,DE,9023380781,DE,5229307829,DE,9023380781,DE
0002445767/10,SG486,SP0700,PT03,DAP,S0700,DC10,PL10,PLN,TAN,8828504919,5084179694,PL,2964530712,PL,5084179694,PL,5084179694,PL
0002204369/10,SG991,SP0001,PT27,DDP,S0010,DC10,D011,EUR,TAN,7695450681,9242056019,DE,9242056019,DE,6242601060,DE,6242601060,DE
0001985708/20,SG301,SP0301,PT33,DDP,S0300,DC10,NL30,EUR,ZTCH,9052851095,8383348969,DE,5429586126,DE,8383348969,DE,8383348969,DE
0002136729/10,SG577,SP0001,PT33,CIF,S0010,DC10,D011,GBP,TAN,4179971159,659139242,GB,1007843942,GB,659139242,GB,659139242,GB
0002321339/20,SG548,SP0001,PT33,CIP,S0010,DC10,D011,GBP,TAN,8861937705,659139242,GB,3859164832,GB,659139242,GB,659139242,GB
0002060574/10,SG436,SP0001,PT26,CIP,S0010,DC10,D011,EUR,TAN,4717958410,5624388801,DE,964345440,DE,5624388801,DE,5624388801,DE
0002096588/30,SG252,SP0001,PT70,DDP,S0010,DC10,D011,EUR,TAN,4075601252,5008329264,BE,5008329264,BE,5008329264,BE,5008329264,BE
0002251599/20,SG548,SP2000,PT32,FCA,S2000,DC10,PL20,EUR,TAN,2680081019,1095225145,DE,3043611529,DE,31412347,NL,31412347,NL
0002204136/10,SG789,SP0300,PT32,FCA,S0300,DC10,NL30,EUR,TAN,9971830410,851548071,PL,851548071,PL,851548071,PL,851548071,PL
0002133987/10,SG328,SP0001,PT591,DDP,S0010,DC10,D011,EUR,TAN,3830469073,3834268042,DE,3834268042,DE,5229307829,DE,3834268042,DE
0002030043/60,SGAG,SP0001,PTF7,DDP,S0010,DC10,D011,GBP,TAN,9404761717,2754021383,GB,52193920,GB,2754021383,GB,2754021383,GB
0002065066/60,SGH10,SP0001,PT32,FCA,S0010,DC10,D011,EUR,TAN,7419690930,8277524028,HU,8277524028,HU,8277524028,HU,8277524028,HU
0002254932/10,SG328,SP0001,PT591,DDP,S0010,DC10,D011,EUR,TAN,7519015411,3834268042,DE,3834268042,DE,5229307829,DE,3834268042,DE
0002049252/10,SG322,SP0001,PT128,DDP,S0010,DC10,D011,EUR,TAN,5670108109,2861235243,DE,1001205270,DE,2861235243,DE,2861235243,DE
0002172859/30,SG205,SP0001,PT221,DDP,S0010,DC10,D011,EUR,TAN,3339146834,6649535660,DE,6649535660,DE,6649535660,DE,6649535660,DE
0002166792/10,SG548,SP0301,PT33,FCA,S0300,DC10,NL30,EUR,TAN,7534992804,1095225145,DE,5419972804,DE,9657134080,DE,9657134080,DE
0002295788/20,SG502,SP0700,PT32,DAP,S0700,DC10,PL10,PLN,TAN,6867968220,7310045933,PL,970308236,PL,7310045933,PL,7310045933,PL
0002455968/60,SG388,SP0001,PT01,DDP,S0010,DC10,D011,EUR,TAN,9747789108,3138371254,DE,3138371254,DE,3138371254,DE,3138371254,DE
0002288209/10,SG132,SP0301,PT27,FCA,S0300,DC10,NL30,EUR,TAN,1973743750,8260388427,DE,8260388427,DE,8260388427,DE,8260388427,DE
0002251301/20,SG132,SP0001,PTC6,DDP,S0010,DC10,D011,EUR,TAN,6275122426,9927335532,DE,9616924621,DE,9927335532,DE,9927335532,DE
0001989773/20,SG341,SP4200,PT32,DDP,S4200,DC10,DK20,DKK,TAN,2975810650,6445015801,DK,6445015801,DK,1417658093,DK,1417658093,DK
0002152926/10,SG130,SP2000,PT32,DDP,S2000,DC10,PL20,EUR,TAN,6905520369,9648256678,GB,2421896693,NL,9648256678,GB,9648256678,GB
0002284829/20,SG209,SP0300,PT10,DDP,S0300,DC10,NL30,USD,TAN,7432452850,2244388575,DE,8598747888,DE,2244388575,DE,2244388575,DE
0002244209/10,SG548,SP0001,PT33,DDP,S0010,DC10,D011,EUR,TAN,5337773402,1095225145,DE,4738347811,DE,9657134080,DE,9657134080,DE
0002174458/30,SGH10,SP0001,PT32,FCA,S0010,DC10,D011,EUR,TAN,8446319676,8277524028,HU,8277524028,HU,8277524028,HU,8277524028,HU
0002115040/40,SG577,SP0001,PTF7,DDP,S0010,DC10,D011,GBP,ZTCH,5323777938,7394586061,GB,3820297994,GB,4878771801,GB,4878771801,GB
0002083924/20,SGRJ,SP0301,PT32,DDP,S0300,DC10,NL30,EUR,ZTCH,4394448892,360370169,GB,360370169,GB,360370169,GB,360370169,GB
0002262904/60,SG577,SP2000,PT32,FCA,S2000,DC10,PL20,EUR,TAN,6469620306,9987472792,GB,825367724,GB,31412347,NL,31412347,NL
0002086571/30,SG250,SP0001,PT33,DDP,S0010,DC10,D011,EUR,TAN,5316873213,1678542847,NL,1678542847,NL,9198940849,NL,9198940849,NL
0002243456/10,SG206,SP4200,PT95,DDP,S4200,DC10,DK20,GBP,TAN,9167238973,8146909609,GB,4209629923,GB,8146909609,GB,8146909609,GB
0002057214/20,SG705,SP0001,PT32,FCA,S0010,DC10,D011,EUR,TAN,892025547,4742731422,TR,4742731422,TR,4742731422,TR,4742731422,TR
0002039934/20,SG705,SP0001,PT32,FCA,S0010,DC10,D011,EUR,TAN,3257882149,4742731422,TR,4742731422,TR,4742731422,TR,4742731422,TR
0002299959/20,SG464,SP0001,PT70,CIP,S0010,DC10,D011,EUR,TAN,8336163242,2345183463,AT,5444374922,AT,2345183463,AT,2345183463,AT
0002355470/10,SG323,SP0001,PT32,FCA,S0010,DC10,D011,USD,TAN,5134121096,1223020718,IE,7691154587,PL,744697549,IE,744697549,IE
0002172497/120,SG991,SP0001,PT128,DDP,S0010,DC10,D011,EUR,ZTCH,7590429423,2861235243,DE,1145540589,DE,2861235243,DE,2861235243,DE
0002093284/10,SG486,SP0700,PT33,DAP,S0700,DC10,PL10,EUR,TAN,4104328403,5830915004,PL,4660146882,PL,5830915004,PL,5830915004,PL
0002094663/10,SG266,SP0300,PT32,FCA,S0300,DC10,NL30,EUR,TAN,584588563,9339024510,FR,2913511912,NL,9339024510,FR,9339024510,FR
0002410474/40,SG209,SP0001,PT232,DDP,S0010,DC10,D011,EUR,TAN,2834481259,4501183007,DE,4501183007,DE,4501183007,DE,4501183007,DE
0002231517/20,SG502,SP0700,PT03,DDP,S0700,DC10,PL10,PLN,TAN,8336163242,7357661901,PL,7357661901,PL,7357661901,PL,7357661901,PL
0002341346/70,SG159,SP4200,PTF7,FCA,S4200,DC10,DK20,DKK,TAN,6620390740,8216533608,DK,451092358,DK,8216533608,DK,8216533608,DK
0002259647/70,SG421,SP0001,PT232,DDP,S0010,DC10,D011,EUR,TAN,9042319860,2069178506,DE,9519018768,DE,2069178506,DE,2069178506,DE
0002259806/61,SG421,SP0001,PT26,DDP,S0010,DC10,D011,EUR,TAN,8206798621,387007695,DE,4923868544,DE,4422385601,DE,4422385601,DE
0002141156/20,SG301,SP0300,PT26,DDP,S0300,DC90,NL30,EUR,TAN,4746430759,6667163616,DE,6667163616,DE,4753725613,DE,4753725613,DE
0002211556/10,SG705,SP0001,PT32,FCA,S0010,DC10,D011,EUR,TAN,6568126163,4742731422,TR,4742731422,TR,4742731422,TR,4742731422,TR
0002132905/20,SG252,SP0301,PT03,DDU,S0300,DC60,NL30,EUR,ZTCH,2465700077,3252301681,NL,3252301681,NL,3252301681,NL,3252301681,NL
0002370826/10,SG209,SP0300,PT232,FCA,S0300,DC10,NL30,EUR,TAN,5025447291,8154968605,DE,3131184188,DE,8154968605,DE,8154968605,DE
0002395591/50,SG577,SP4200,PT95,DDP,S4200,DC10,DK20,GBP,TAN,3933479777,6120609152,GB,3018155479,GB,6120609152,GB,6120609152,GB
0002095316/10,SG706,SP1601,PT03,DDP,S1600,DC10,NL80,EUR,TAN,6873155319,6200750416,DK,3262130245,DE,6200750416,DK,6200750416,DK
0002182269/20,SG301,SP0001,PT03,DDP,S0010,DC10,D011,EUR,TAN,1378274419,3433997373,DE,3433997373,DE,3433997373,DE,3433997373,DE
0002032569/10,SG419,SP0001,PT238,DDP,S0010,DC10,D011,EUR,TAN,1951186989,6003661923,DE,3084763466,DE,6003661923,DE,6003661923,DE
0002098092/60,SG250,SP0001,PT03,DDP,S0010,DC10,D011,EUR,ZTCH,2988962148,7834456259,NL,911460134,NL,7834456259,NL,7834456259,NL
0002265326/20,SG250,SP0001,PT03,DDP,S0010,DC10,D011,EUR,ZTCH,4359262261,7834456259,NL,8292888822,NL,7834456259,NL,7834456259,NL
0002231501/50,SG237,SP4200,PT32,CPT,S4200,DC10,DK20,EUR,TAN,7085361943,3185141286,DE,8725904350,DE,3185141286,DE,3185141286,DE
0002239235/10,SG464,SP1300,PT33,DDP,S1300,DC10,D015,EUR,TAN,9129109737,9163308947,AT,3131184188,DE,6946920391,AT,6946920391,AT
0002386682/20,SG789,SP0001,PT32,FCA,S0010,DC10,D011,EUR,TAN,8140406503,851548071,PL,7238470711,PL,851548071,PL,851548071,PL
0002047060/50,SG206,SP4200,PT95,DDP,S4200,DC10,DK20,GBP,TAN,9204631885,6120609152,GB,3272487965,GB,6120609152,GB,6120609152,GB
0002132603/110,SG421,SP0001,PTD1,FCA,S0010,DC10,D011,EUR,TAN,429125681,7249511030,DE,2547587618,MK,7249511030,DE,7249511030,DE
0002018763/14,SG323,SP0001,PT32,CFR,S0010,DC10,D011,USD,TAN,7444835621,1223020718,IE,1691429460,TR,744697549,IE,744697549,IE
0002353369/10,SG250,SP0001,PT03,DDP,S0010,DC10,D011,EUR,TAN,4219614415,7834456259,NL,8292888822,NL,7834456259,NL,7834456259,NL
0002382400/40,SGR53,SP0001,PT32,FCA,S0010,DC10,D011,USD,TAN,6582210622,13234652,TM,13234652,TM,13234652,TM,13234652,TM
0002016898/10,SG419,SP1300,PT238,DDP,S1300,DC10,D015,EUR,TAN,4055002093,8933549919,DE,8933549919,DE,8933549919,DE,8933549919,DE
0002232551/20,SG250,SP0001,PTF7,DDP,S0010,DC10,D011,EUR,ZTCH,7611302352,2298745536,BE,2298745536,BE,2298745536,BE,2298745536,BE
0002160983/20,SG328,SP0001,PT591,DDP,S0010,DC10,D011,EUR,ZTCH,3050052092,3834268042,DE,3834268042,DE,5229307829,DE,3834268042,DE
0002118759/30,SG419,SP0001,PT01,DDP,S0010,DC10,D011,EUR,TAN,3646475257,4081585965,DE,4081585965,DE,4081585965,DE,4081585965,DE
0002111363/10,SG388,SP0001,PT100,DDP,S0010,DC10,D011,EUR,TAN,8465179910,9191460429,DE,9191460429,DE,9191460429,DE,9191460429,DE
0002439611/20,SG421,SP1300,PT00,DDP,S1300,DC10,D015,EUR,ZTCH,6803215503,4546317404,DE,4546317404,DE,4546317404,DE,4546317404,DE
0002202030/10,SG301,SP0001,PT26,DDP,S0010,DC10,D011,EUR,TAN,3618618083,6667163616,DE,6667163616,DE,4753725613,DE,4753725613,DE
0002401610/40,SGRJ,SP0400,PT32,DDP,S0400,DC10,UK10,EUR,TAN,557817484,360370169,GB,360370169,GB,360370169,GB,360370169,GB
0002218537/10,SG323,SP0001,PT32,FCA,S0010,DC10,D011,USD,TAN,7181356482,1223020718,IE,113600081,RS,744697549,IE,744697549,IE
0002131821/160,SG212,SP2070,PT33,FCA,S2000,DC10,PL20,USD,ZTCH,7086414045,1531223687,US,3423383959,US,1531223687,US,1531223687,US
0002322944/20,SG328,SP0001,PT591,DDP,S0010,DC10,D011,EUR,ZTCH,3272885205,3834268042,DE,3834268042,DE,5229307829,DE,3834268042,DE
0001998325/70,SG301,SP0300,PT00,DDP,S0300,DC90,NL30,EUR,TAN,4305080380,9044453791,DE,9044453791,DE,9044453791,DE,9044453791,DE
0002237714/10,SG480,SP0001,PT32,CIP,S0010,DC10,D011,EUR,TAN,8763866299,8610831516,ES,3812047863,ES,8610831516,ES,8610831516,ES
0002250667/10,SG322,SP0001,PT205,DDP,S0010,DC10,D011,EUR,TAN,6589641621,3617078005,DE,3617078005,DE,3617078005,DE,3617078005,DE
0002050787/20,SG219,SP0700,PT32,DDP,S0700,DC10,PL10,EUR,TAN,8982593873,3775792943,PL,3775792943,PL,3775792943,PL,3775792943,PL
0002019403/20,SG301,SP0300,PT75,CIP,S0300,DC90,NL30,EUR,TAN,1709836064,9291139766,DE,6197242304,DE,9291139766,DE,9291139766,DE
0002387987/33,SG323,SP0001,PT32,DDP,S0010,DC10,D011,USD,TAN,8105975517,3356660324,IE,9918308259,DE,744697549,IE,744697549,IE
0002062983/150,SG341,SP4200,PT03,DDP,S4200,DC10,DK20,SEK,TAN,3711385425,8686364201,SE,7521123098,SE,8686364201,SE,8686364201,SE
0002291424/10,SG548,SP0001,PT33,DDP,S0010,DC10,D011,EUR,TAN,9511521919,1095225145,DE,4738347811,DE,9657134080,DE,9657134080,DE
0001991350/20,SG991,SP0001,PT03,DDP,S0010,DC10,D011,EUR,TAN,4121907406,4713359072,DE,4713359072,DE,4713359072,DE,4713359072,DE
0002167574/10,SG388,SP0001,PT01,DDP,S0010,DC10,D011,EUR,TAN,7039805952,2471271411,DE,2471271411,DE,2471271411,DE,2471271411,DE
0002337080/10,SG419,SP0001,PT106,DDP,S0010,DC10,D011,EUR,TAN,7753452663,4845405727,DE,4845405727,DE,4845405727,DE,4845405727,DE
0002401654/10,SG421,SP0001,PT03,DDP,S0010,DC10,D011,EUR,TAN,685753950,3035207221,DE,3035207221,DE,3035207221,DE,3035207221,DE
0002021651/20,SG388,SP0001,PT105,DDP,S0010,DC10,D011,EUR,TAN,4085125881,7085630380,DE,7085630380,DE,7085630380,DE,7085630380,DE
0002294222/70,SG436,SP0001,PT03,DDP,S0010,DC10,D011,EUR,ZTCH,6027791870,7570809070,DE,7570809070,DE,7570809070,DE,7570809070,DE
0002152148/30,SG420,SP1302,PT232,DDP,S1300,DC10,D015,EUR,TAN,8489035179,1754951958,DE,1754951958,DE,1754951958,DE,1754951958,DE
0002385269/10,SG480,SP1800,PT33,CFR,S1800,DC10,TR20,EUR,TAN,1761854167,1565561690,ES,1565561690,ES,1565561690,ES,1565561690,ES
0002106193/30,SG388,SP0001,PT01,DDP,S0010,DC10,D011,EUR,TAN,383660609,3649162621,DE,3649162621,DE,3649162621,DE,3649162621,DE
0002333602/92,SG323,SP0001,PT32,DDP,S0010,DC10,D011,USD,TAN,277123186,3356660324,IE,9400966563,DE,744697549,IE,744697549,IE
0002120526/30,SG767,SP0001,PTC6,DDP,S0010,DC10,D011,EUR,TAN,1340294590,1863411171,DE,1863411171,DE,9927335532,DE,9927335532,DE
0002117532/10,SG250,SP0001,PT33,DDP,S0010,DC10,D011,EUR,TAN,9055717735,6373368920,BE,6373368920,BE,9198940849,NL,9198940849,NL
0002167645/40,SG388,SP0001,PT232,DDP,S0010,DC10,D011,EUR,TAN,6874852182,7383893395,DE,7383893395,DE,7383893395,DE,7383893395,DE
0002067850/20,SG991,SP0001,PT232,DDP,S0010,DC10,D011,EUR,TAN,193435504,1839639769,DE,1839639769,DE,1839639769,DE,1839639769,DE
0002218189/10,SG828,SP0001,PT32,DAP,S0010,DC10,D011,USD,TAN,2267360204,348726596,US,348726596,US,348726596,US,348726596,US
0002123253/10,SG269,SP2200,PT33,FCA,S2200,DC10,D300,EUR,TAN,1510034152,2577866841,FI,5996781933,FI,2577866841,FI,2577866841,FI
0002106333/10,SG219,SP0700,PT32,DAP,S0700,DC10,PL10,EUR,TAN,1193280451,3775792943,PL,2071576259,PL,3775792943,PL,3775792943,PL
0002261698/10,SG322,SP0001,PT105,DDP,S0010,DC10,D011,EUR,TAN,381890430,5826684651,DE,5826684651,DE,5826684651,DE,5826684651,DE
0002245954/10,SG420,SP0001,PT32,DDP,S0010,DC10,D011,EUR,TAN,6202772736,3789496947,DE,5490664916,DE,3789496947,DE,3789496947,DE
0002326366/40,SG301,SP4200,PT01,DDP,S4200,DC10,DK20,EUR,TAN,6071277849,1821794068,DE,1821794068,DE,1821794068,DE,1821794068,DE
0002126925/10,SG706,SP1300,PT03,FCA,S1300,DC60,D015,EUR,TAN,4526570258,7808146436,NO,8837590450,NO,7808146436,NO,7808146436,NO
0002235484/10,SG706,SP2200,PT32,DDP,S2200,DC10,D300,EUR,TAN,8456739744,9920968985,DK,4425684716,DK,9920968985,DK,9920968985,DK
0002412595/20,SG130,SP2000,PT32,EXW,S2000,DC10,PL20,EUR,ZTCH,6905520369,5842412165,NL,2421896693,NL,5842412165,NL,5842412165,NL
0002068489/20,SG588,SP0001,PT202,DDP,S0010,DC10,D011,EUR,TAN,7596267889,8814114057,DE,8814114057,DE,8814114057,DE,8814114057,DE
0002445464/10,SG991,SP1300,PT128,DDP,S1300,DC10,D015,EUR,TAN,147585248,2861235243,DE,1145540589,DE,2861235243,DE,2861235243,DE
0002272692/20,SG789,SP1300,PT32,FCA,S1300,DC10,D015,EUR,ZTCH,9975432669,851548071,PL,6297747236,PL,851548071,PL,851548071,PL
0002408147/80,SG250,SP0001,PT03,DDP,S0010,DC10,D011,EUR,ZTCH,5612756618,7834456259,NL,911460134,NL,7834456259,NL,7834456259,NL
0002190724/20,SG588,SP0001,PT102,DDP,S0010,DC10,D011,EUR,TAN,2383446328,3080563060,DE,3080563060,DE,3080563060,DE,3080563060,DE
0002038816/10,SG205,SP0001,PT03,DDP,S0010,DC10,D011,EUR,TAN,458410436,3645619228,DE,4414037004,DE,3645619228,DE,3645619228,DE
0002290498/10,SG789,SP0300,PT32,DDP,S0300,DC90,NL30,EUR,TAN,253836193,851548071,PL,5845767105,PL,851548071,PL,851548071,PL
0002054427/122,SG323,SP0001,PT32,CIP,S0010,DC10,D011,USD,TAN,8861314614,3356660324,IE,9011248866,DE,744697549,IE,744697549,IE
0002368913/10,SG323,SP0001,PT32,DAP,S0010,DC10,D011,USD,TAP,7654144237,1223020718,IE,1691429460,TR,744697549,IE,744697549,IE
0002254562/20,SG322,SP0001,PT232,DDP,S0010,DC10,D011,EUR,TAN,4964050683,1547188062,DE,7255904373,DE,1547188062,DE,1547188062,DE
0002155181/40,SG419,SP0001,PT10,DDP,S0010,DC10,D011,EUR,TAN,2987614898,9480873163,DE,1755611496,DE,9480873163,DE,9480873163,DE
0002321044/40,SG250,SP0301,PT32,DDP,S0300,DC10,NL30,EUR,ZTCH,9344213232,8899164173,NL,1678542847,NL,8899164173,NL,8899164173,NL
0002044910/10,SG420,SP0001,PT232,DDP,S0010,DC10,D011,EUR,TAN,3964354376,1754951958,DE,1754951958,DE,1754951958,DE,1754951958,DE
0002443769/10,SG419,SP1302,PT238,DDP,S1300,DC10,D015,EUR,TAN,7409564757,6003661923,DE,3084763466,DE,6003661923,DE,6003661923,DE
0002022892/30,SGRJ,SP0001,PT32,DDP,S0010,DC10,D011,EUR,TAN,634005528,360370169,GB,360370169,GB,360370169,GB,360370169,GB
0002199880/30,SG301,SP0300,PT00,DDP,S0300,DC90,NL30,EUR,TAN,8834821375,9044453791,DE,9044453791,DE,9044453791,DE,9044453791,DE
0002291823/10,SG159,SP4200,PTF7,FCA,S4200,DC10,DK20,DKK,TAN,8067764143,8216533608,DK,451092358,DK,8216533608,DK,8216533608,DK
0002127113/10,SGR53,SP0001,PT32,FCA,S0010,DC10,D011,EUR,TAN,7400381813,2656773467,KZ,2656773467,KZ,2656773467,KZ,2656773467,KZ
0002197482/10,SG486,SP0700,PT33,DAP,S0700,DC10,PL10,EUR,TAN,7228475195,5830915004,PL,5830915004,PL,5830915004,PL,5830915004,PL
0002128687/10,SG303,SP2200,PT03,DDP,S2200,DC10,D300,EUR,TAN,296816000,3401636466,DE,4699722523,DE,4699722523,DE,4699722523,DE
0002024249/10,SG767,SP0301,PT03,DDP,S0300,DC10,NL30,EUR,TAN,9185728377,9917254824,DE,9563271302,DE,9563271302,DE,9563271302,DE
0002188067/120,SG487,SP0001,PT33,DDP,S0010,DC10,D011,GBP,ZTCH,1605449598,1111588979,GB,1111588979,GB,1111588979,GB,1111588979,GB
0002079565/30,SG789,SP0001,PT33,DAP,S0010,DC10,D011,EUR,TAN,5194788446,4150938890,PL,4150938890,PL,4150938890,PL,4150938890,PL
0002208621/20,SG421,SP0001,PT26,DDP,S0010,DC10,D011,EUR,TAN,762146297,37884309,DE,9576385180,DE,37884309,DE,37884309,DE
0002376049/71,SG323,SP0001,PT32,DAP,S0010,DC10,D011,USD,TAN,9247673854,3356660324,IE,9011248866,DE,744697549,IE,744697549,IE
0002388561/30,SG301,SP0300,PT26,DDP,S0300,DC90,NL30,EUR,TAN,8265534915,6667163616,DE,6667163616,DE,4753725613,DE,4753725613,DE
0002388284/10,SG828,SP1250,PT32,FCA,S1250,DC10,TR10,USD,TAN,2974298943,1531223687,US,1531223687,US,1531223687,US,1531223687,US
0001985170/40,SG801,SP0300,PT03,DDP,S0300,DC10,NL30,EUR,TAN,7227035769,9434460629,CZ,3785838709,CZ,9434460629,CZ,9434460629,CZ
0002281277/20,SG130,SP2000,PT32,DDP,S2000,DC10,PL20,EUR,ZTCH,6905520369,5842412165,NL,2421896693,NL,5842412165,NL,5842412165,NL
0002350255/80,SG436,SP0001,PT03,DDP,S0010,DC10,D011,EUR,TAN,6043960135,3078518136,DE,8708984665,DE,9946326346,DE,9946326346,DE
0002118268/10,SG789,SP0001,PT33,DAP,S0010,DC10,D011,EUR,TAN,2476981437,4150938890,PL,5974139190,PL,4150938890,PL,4150938890,PL
0002104162/20,SG266,SP0300,PT32,FCA,S0300,DC10,NL30,EUR,TAN,8357330667,9339024510,FR,7874768412,CY,9339024510,FR,9339024510,FR
0002240130/30,SG250,SP0001,PTF7,DDP,S0010,DC10,D011,EUR,TAN,549817193,2298745536,BE,2298745536,BE,2298745536,BE,2298745536,BE
0002328417/60,SGR53,SP0001,PT32,FCA,S0010,DC10,D011,EUR,TAN,7141350605,3614421788,GE,3614421788,GE,3614421788,GE,3614421788,GE
0002164690/10,SG789,SP2070,PT32,FCA,S2000,DC10,PL20,PLN,TAN,25849615,851548071,PL,9283435091,PL,851548071,PL,851548071,PL
0002048852/10,SGAG,SP0001,PTF7,DDP,S0010,DC10,D011,GBP,TAN,6436513216,6813934950,GB,3015358633,GB,7725676239,GB,6813934950,GB
0002081572/10,SG419,SP0001,PT42,DDP,S0010,DC10,D011,EUR,TAN,1716639498,9856149772,DE,9856149772,DE,414947059,DE,414947059,DE
0002291093/10,SG502,SP0700,PT03,DAP,S0700,DC10,PL10,PLN,TAN,398609731,7205726717,PL,4912901640,PL,7205726717,PL,7205726717,PL
0002200977/10,SG210,SP1300,PT112,DDP,S1300,DC10,D015,EUR,TAN,668817753,6790674167,DE,6790674167,DE,6790674167,DE,6790674167,DE
0002273134/10,SG421,SP0001,PTE5,DDP,S0010,DC10,D011,EUR,TAN,5840062016,5505529792,DE,5505529792,DE,5505529792,DE,5505529792,DE
0002448643/30,SG301,SP0301,PT33,DDP,S0300,DC10,NL30,EUR,TAN,8165570012,8383348969,DE,5429586126,DE,5429586126,DE,5429586126,DE
0002356319/30,SG502,SP0700,PT32,DAP,S0700,DC10,PL10,PLN,TAN,3209378921,7310045933,PL,970308236,PL,7310045933,PL,7310045933,PL
0002291640/10,SG706,SP2200,PT32,DDP,S2200,DC10,D300,EUR,TAN,2366869075,9920968985,DK,176029194,DK,9920968985,DK,9920968985,DK
0002026427/180,SG420,SP0001,PTB9,DDP,S0010,DC10,D011,EUR,ZTCH,4998844212,510256366,DE,7638248229,DE,510256366,DE,510256366,DE
0002274918/14,SG323,SP0001,PT32,CFR,S0010,DC10,D011,USD,TAN,7444835621,1223020718,IE,1691429460,TR,744697549,IE,744697549,IE
0002036412/10,SG301,SP0301,PT33,DDP,S0300,DC10,NL30,EUR,TAN,2900791961,8383348969,DE,8383348969,DE,8383348969,DE,8383348969,DE
0002442086/80,SGRJ,SP0400,PT32,DDP,S0400,DC10,UK10,EUR,TAN,9398043881,360370169,GB,360370169,GB,360370169,GB,360370169,GB
0002062479/10,SG789,SP0001,PT32,FCA,S0010,DC10,D011,EUR,TAN,9096845246,851548071,PL,851548071,PL,851548071,PL,851548071,PL
0002226935/80,SGRJ,SP0001,PT32,DDP,S0010,DC10,D011,EUR,ZTCH,3549836109,360370169,GB,360370169,GB,360370169,GB,360370169,GB
0002433229/10,SG796,SP5900,PT32,DAP,S5900,DC10,D060,EUR,TAN,8931055360,3862024362,PL,3862024362,PL,3862024362,PL,3862024362,PL
0002278826/20,SG209,SP0001,PT112,DDP,S0010,DC10,D011,EUR,TAN,8527794407,8307972766,DE,8307972766,DE,8307972766,DE,8307972766,DE
0002344675/92,SG323,SP0001,PT32,DAP,S0010,DC10,D011,USD,TAN,277123186,3356660324,IE,5915880634,DE,744697549,IE,744697549,IE
0002399929/10,SG991,SP0001,PT128,DDP,S0010,DC10,D011,EUR,TAN,1231996175,2861235243,DE,1145540589,DE,2861235243,DE,2861235243,DE
0002125165/92,SG323,SP0001,PT32,DAP,S0010,DC10,D011,USD,TAN,277123186,3356660324,IE,5915880634,DE,744697549,IE,744697549,IE
0002141347/10,SG421,SP0001,PT200,DDP,S0010,DC10,D011,EUR,TAN,2933361123,7163955198,DE,7163955198,DE,7163955198,DE,7163955198,DE
0002109518/10,SG502,SP0700,PT33,DAP,S0700,DC10,PL10,EUR,TAN,8205134545,212677443,PL,212677443,PL,212677443,PL,212677443,PL
0002098470/10,SG706,SP1302,PT33,DDP,S1300,DC10,D015,EUR,TAN,2720217318,5613770852,DK,5613770852,DK,5613770852,DK,5613770852,DK
0002106250/10,SG301,SP0301,PT33,DDP,S0300,DC10,NL30,EUR,TAN,9052851095,8383348969,DE,8383348969,DE,8383348969,DE,8383348969,DE
0002116194/50,SG427,SP0001,PT32,FCA,S0010,DC10,D011,EUR,TAN,3930162261,3014747865,RS,3014747865,RS,3014747865,RS,3014747865,RS
0002050246/40,SG250,SP0001,PT33,DDP,S0010,DC10,D011,EUR,ZTCH,9055717735,6373368920,BE,6373368920,BE,9198940849,NL,9198940849,NL
0002374198/20,SG130,SP2000,PT32,EXW,S2000,DC10,PL20,EUR,ZTCH,6905520369,5842412165,NL,2421896693,NL,5842412165,NL,5842412165,NL
0002291152/10,SG419,SP1300,PT122,DDP,S1300,DC10,D015,EUR,TAN,7314290452,3197732197,DE,3197732197,DE,2630271418,DE,3197732197,DE
0002403828/20,SG323,SP0001,PT32,DAP,S0010,DC10,D011,USD,TAP,7791415768,1223020718,IE,1691429460,TR,744697549,IE,744697549,IE
0002240110/30,SG487,SP0001,PT42,DDP,S0010,DC10,D011,GBP,TAN,6789719680,3020869730,GB,3020869730,GB,3020869730,GB,3020869730,GB
0002295057/10,SG388,SP0001,PT01,DDP,S0010,DC10,D011,EUR,TAN,7039805952,258992167,DE,258992167,DE,258992167,DE,258992167,DE
0002226473/70,SG789,SP0001,PT32,FCA,S0010,DC10,D011,EUR,TAN,4601316045,851548071,PL,851548071,PL,851548071,PL,851548071,PL
0002428490/30,SG205,SP0001,PT128,DDP,S0010,DC10,D011,EUR,TAN,7596267889,3482378074,DE,3482378074,DE,3482378074,DE,3482378074,DE
0002340088/10,SG548,SP0400,PT33,CIP,S0400,DC10,UK10,GBP,TAN,1605449598,659139242,GB,8111357091,GB,659139242,GB,659139242,GB
0002119724/10,SG388,SP0001,PT01,DDP,S0010,DC10,D011,EUR,TAN,8465179910,258992167,DE,258992167,DE,258992167,DE,258992167,DE
0002213652/20,SG464,SP0300,PT33,DDP,S0300,DC10,NL30,EUR,TAN,452400425,9163308947,AT,9254811839,AT,9163308947,AT,9163308947,AT
0002240307/90,SG323,SP0001,PT32,CIP,S0010,DC10,D011,USD,TAP,5194894697,3356660324,IE,5986044775,DE,744697549,IE,744697549,IE
0002128304/21,SG323,SP0001,PT32,DDP,S0010,DC10,D011,USD,TAN,6189463567,3356660324,IE,9918308259,DE,744697549,IE,744697549,IE
0002341729/30,SG436,SP0001,PTC7,DDP,S0010,DC10,D011,EUR,TAN,5936511096,1916933160,DE,904656310,DE,1916933160,DE,1916933160,DE
0002299886/20,SG159,SP4200,PT03,DDP,S4200,DC10,DK20,EUR,TAN,5355163730,1880154886,SE,9573077422,SE,1880154886,SE,1880154886,SE
0002440969/10,SG209,SP0001,PT112,DDP,S0010,DC10,D011,EUR,TAN,4537989538,4693977958,DE,4693977958,DE,4693977958,DE,4693977958,DE
0002346246/350,SG828,SP1601,PT32,EXW,S1600,DC10,NL80,USD,TAN,1588991062,348726596,US,7014835726,US,348726596,US,348726596,US
0002293816/90,SG421,SP0001,PTD1,FCA,S0010,DC10,D011,EUR,ZTCH,5833513901,7249511030,DE,8600759740,RS,7249511030,DE,7249511030,DE
0002454044/10,SG705,SP1250,PT32,EXW,S1250,DC10,TR10,TRY,TAN,8895093012,2430427909,TR,2430427909,TR,2430427909,TR,2430427909,TR
0002037164/20,SG419,SP0001,PT42,DDP,S0010,DC10,D011,EUR,ZTCH,1716639498,9856149772,DE,9856149772,DE,414947059,DE,414947059,DE
0002035844/20,SG250,SP0001,PT03,DDP,S0010,DC10,D011,EUR,ZTCH,5847251143,7834456259,NL,8292888822,NL,7834456259,NL,7834456259,NL
0002315835/250,SG206,SP4200,PT03,DDP,S4200,DC10,DK20,EUR,TAN,6007068766,9621870585,IE,9621870585,IE,9621870585,IE,9621870585,IE
0002165497/20,SG219,SP0700,PT32,DAP,S0700,DC10,PL10,EUR,TAN,518223515,3775792943,PL,2071576259,PL,3775792943,PL,3775792943,PL
0002135451/40,SGRJ,SP0001,PT33,CIP,S0010,DC10,D011,GBP,TAN,2806320710,360370169,GB,3859164832,GB,659139242,GB,659139242,GB
0002449625/120,SG767,SP0001,PTB9,DDP,S0010,DC10,D011,EUR,TAN,4315885958,2232016445,DE,2232016445,DE,2982543313,DE,2982543313,DE
0002372568/10,SG548,SP2000,PT33,FCA,S2000,DC10,PL20,EUR,TAN,6469620306,659139242,GB,3859164832,GB,31412347,NL,31412347,NL
0002057002/40,SG789,SP0001,PT32,FCA,S0010,DC10,D011,EUR,TAN,2862871854,851548071,PL,851548071,PL,851548071,PL,851548071,PL
0002018731/13,SG323,SP0001,PT32,CFR,S0010,DC10,D011,USD,TAN,8203350193,1223020718,IE,1691429460,TR,744697549,IE,744697549,IE
0002343776/20,SG706,SP0001,PT32,FCA,S0010,DC10,D011,EUR,TAS,395344429,6072148412,DK,6072148412,DK,6072148412,DK,6072148412,DK
0002061995/10,SG789,SP0001,PT32,FCA,S0010,DC10,D011,EUR,TAN,3334818309,851548071,PL,851548071,PL,851548071,PL,851548071,PL
0002399373/10,SG487,SP0001,PT03,DDP,S0010,DC10,D011,GBP,TAN,1011264434,4213704023,GB,4213704023,GB,4213704023,GB,4213704023,GB
0002122480/30,SG436,SP0001,PT03,DDP,S0010,DC10,D011,EUR,TAN,8942019013,4317364148,DE,4317364148,DE,9946326346,DE,9946326346,DE
0002242596/20,SG323,SP0001,PT32,CIP,S0010,DC10,D011,USD,TAP,7319240740,3356660324,IE,9011248866,DE,744697549,IE,744697549,IE
0002300014/20,SG487,SP0001,PT33,DDP,S0010,DC10,D011,GBP,ZTCH,3236243242,1111588979,GB,1111588979,GB,1111588979,GB,1111588979,GB
0002129035/10,SG588,SP0001,PT01,DDP,S0010,DC10,D011,EUR,TAN,6927194437,1872566129,DE,7142898124,DE,1872566129,DE,1872566129,DE
0002028277/120,SG341,SP4200,PTF7,FCA,S4200,DC10,DK20,DKK,TAN,5368946926,6730549452,DK,6730549452,DK,6730549452,DK,6730549452,DK
0002409003/20,SG421,SP0001,PT27,DDP,S0010,DC10,D011,EUR,TAN,5475373356,4546317404,DE,4546317404,DE,4546317404,DE,4546317404,DE
0002240535/20,SG205,SP1300,PT03,DDP,S1300,DC10,D015,EUR,ZTCH,1483178479,3038212124,DE,3038212124,DE,3038212124,DE,3038212124,DE
0002152109/10,SG237,SP4200,PT32,CPT,S4200,DC10,DK20,EUR,TAN,7753796495,3185141286,DE,8725904350,DE,3185141286,DE,3185141286,DE
0002091777/10,SG588,SP0001,PT128,DDP,S0010,DC10,D011,EUR,TAN,2356260337,5615734269,DE,5615734269,DE,5615734269,DE,5615734269,DE
0002293284/20,SG767,SP0001,PTB9,DDP,S0010,DC10,D011,EUR,TAN,1019974619,2232016445,DE,2232016445,DE,2982543313,DE,2982543313,DE
0002441753/10,SG464,SP0300,PT70,DDP,S0300,DC10,NL30,EUR,TAN,1709780669,9163308947,AT,349921395,FR,7785159690,FR,7785159690,FR
0002392783/10,SG767,SP0301,PT03,DAP,S0300,DC10,NL30,EUR,TAS,3944325757,9917254824,DE,4776990046,DE,9563271302,DE,9563271302,DE
0002160844/10,SG130,SP2000,PT32,DDP,S2000,DC10,PL20,EUR,TAN,6905520369,9648256678,GB,2421896693,NL,9648256678,GB,9648256678,GB
0002339260/10,SG132,SP1300,PT00,DDP,S1300,DC10,D015,EUR,TAN,6803215503,8682177386,DE,8682177386,DE,8682177386,DE,8682177386,DE
0002218078/50,SG212,SP2000,PT33,FCA,S2000,DC10,PL20,USD,TAN,7086414045,1531223687,US,3423383959,US,1531223687,US,1531223687,US
0002161711/110,SG421,SP0001,PTD1,DDP,S0010,DC10,D011,EUR,TAN,6156948555,5506299787,DE,615476128,DE,5506299787,DE,5506299787,DE
0002436604/31,SG323,SP0001,PT32,DAP,S0010,DC10,D011,USD,TAN,9512801440,3356660324,IE,9011248866,DE,744697549,IE,744697549,IE
0002451873/20,SG464,SP0001,PT01,CIP,S0010,DC10,D011,EUR,ZTCH,6808435360,3295022546,AT,3295022546,AT,3295022546,AT,3295022546,AT
0002336940/30,SG250,SP0300,PT32,DDP,S0300,DC10,NL30,EUR,TAN,685202947,8899164173,NL,7534317414,NL,8899164173,NL,8899164173,NL
0002228580/70,SG301,SP0300,PT03,DDP,S0300,DC10,NL30,EUR,TAN,3445307726,5429586126,DE,5429586126,DE,5429586126,DE,5429586126,DE
0002193213/10,SG323,SP0001,PT32,FCA,S0010,DC10,D011,USD,TAN,3133740930,1223020718,IE,37670097,RO,744697549,IE,744697549,IE
0002036891/10,SG269,SP0300,PT03,DDP,S0300,DC10,NL30,EUR,TAN,9050765027,5333617529,FI,2792931888,FI,5333617529,FI,5333617529,FI
0002361150/20,SG548,SP2000,PT33,FCA,S2000,DC10,PL20,EUR,TAN,9871373831,9987472792,GB,825367724,GB,31412347,NL,31412347,NL
0002014233/10,SG789,SP0001,PT32,FCA,S0010,DC10,D011,EUR,TAN,2035732643,851548071,PL,2381827745,PL,851548071,PL,851548071,PL
0002134846/10,SG991,SP0001,PT232,DDP,S0010,DC10,D011,EUR,TAN,6619643608,6439039135,DE,6439039135,DE,6439039135,DE,6439039135,DE
0002173242/10,SG250,SP0001,PT33,DDP,S0010,DC10,D011,EUR,TAN,5316873213,1678542847,NL,1678542847,NL,9198940849,NL,9198940849,NL
0001989754/10,SG421,SP2200,PT00,DDP,S2200,DC10,D300,EUR,TAN,3350101966,7465831082,DE,7465831082,DE,7465831082,DE,7465831082,DE
0002385927/20,SG436,SP0001,PT02,DDP,S0010,DC10,D011,EUR,ZTCH,381890430,7937702320,DE,9187857564,DE,7937702320,DE,7937702320,DE
0002211734/40,SG206,SP0400,PT95,DAP,S0400,DC10,UK10,GBP,TAN,1531003686,6120609152,GB,3272487965,GB,6120609152,GB,6120609152,GB
0002458210/113,SG323,SP0001,PT32,DAP,S0010,DC10,D011,USD,TAN,8787456579,3356660324,IE,3632479880,DE,744697549,IE,744697549,IE
0002394501/40,SG420,SP0001,PTB9,DDP,S0010,DC10,D011,EUR,ZTCH,6023153536,510256366,DE,7638248229,DE,510256366,DE,510256366,DE
0002043645/50,SG323,SP0001,PT32,CIP,S0010,DC10,D011,USD,TAP,5035898196,3356660324,IE,5975022201,DE,744697549,IE,744697549,IE
0002239686/10,SG991,SP1300,PT112,DDP,S1300,DC10,D015,EUR,TAN,668817753,1867085220,DE,1867085220,DE,1298421685,DE,1298421685,DE
0002002700/60,SG341,SP4200,PT32,DDP,S4200,DC10,DK20,EUR,TAN,200034320,4578244322,FI,3111843354,FI,4578244322,FI,4578244322,FI
0002280949/20,SG588,SP0001,PT112,DDP,S0010,DC10,D011,EUR,TAN,7455875170,6129475986,DE,6129475986,DE,6129475986,DE,6129475986,DE
0002454021/10,SGAG,SP0001,PT03,DDP,S0010,DC10,D011,GBP,TAN,6225012724,8983522791,GB,8983522791,GB,8983522791,GB,8983522791,GB
0002407874/10,SG205,SP1300,PT03,DDP,S1300,DC10,D015,EUR,TAN,3690352933,3038212124,DE,3038212124,DE,3038212124,DE,3038212124,DE
0002269895/10,SG706,SP0301,PT95,FCA,S0300,DC10,NL30,EUR,TAN,3489950523,5011604975,SE,5165579637,AT,5011604975,SE,5011604975,SE
0002043697/10,SG548,SP0001,PT26,CIP,S0010,DC10,D011,EUR,TAN,1272566366,387007695,DE,4923868544,DE,4422385601,DE,4422385601,DE
0002267676/60,SG577,SP2000,PT32,FCA,S2000,DC10,PL20,EUR,TAN,6469620306,9987472792,GB,825367724,GB,31412347,NL,31412347,NL
0002133349/70,SGRJ,SP0001,PT33,CIP,S0010,DC10,D011,GBP,ZTCH,5616558727,360370169,GB,3859164832,GB,659139242,GB,659139242,GB
0002167783/10,SG486,SP0700,PT33,DAP,S0700,DC10,PL10,EUR,TAN,5586665835,617011377,PL,198278955,PL,617011377,PL,617011377,PL
0002365758/30,SG421,SP0001,PTE5,DDP,S0010,DC10,D011,EUR,TAN,6639789926,1001205270,DE,1001205270,DE,9816893266,DE,9816893266,DE
0002005931/20,SG301,SP2000,PT32,DDP,S2000,DC10,PL20,EUR,ZTCH,2314319471,6702425931,DE,6691241916,DE,6702425931,DE,6702425931,DE
0002386845/10,SG464,SP0001,PT01,CIP,S0010,DC10,D011,EUR,TAN,7921176146,3295022546,AT,3295022546,AT,3295022546,AT,3295022546,AT
0002408401/40,SG705,SP0001,PT32,FCA,S0010,DC10,D011,EUR,TAN,4094696430,4742731422,TR,4742731422,TR,4742731422,TR,4742731422,TR
0002157308/20,SG301,SP0300,PT00,DDP,S0300,DC90,NL30,EUR,TAN,6569108817,9044453791,DE,9044453791,DE,9044453791,DE,9044453791,DE
0002009395/10,SG209,SP0001,PT232,DDP,S0010,DC10,D011,EUR,TAN,3687228759,2394229854,DE,2394229854,DE,2394229854,DE,2394229854,DE
0002444684/20,SG322,SP0001,PT232,DDP,S0010,DC10,D011,EUR,TAN,144920289,1547188062,DE,7911722896,DE,1547188062,DE,1547188062,DE
0002457048/10,SG480,SP2000,PT32,DDP,S2000,DC10,PL20,EUR,TAN,2612386507,8610831516,ES,9200560019,NL,8610831516,ES,8610831516,ES
0002411191/10,SG219,SP0300,PT33,DDP,S0300,DC10,NL30,EUR,TAN,7418247416,6944138175,PL,6944138175,PL,6944138175,PL,6944138175,PL
0002367574/60,SG132,SP0001,PT27,DDP,S0010,DC10,D011,EUR,TAN,4519246120,8682177386,DE,8682177386,DE,8682177386,DE,8682177386,DE
0002381502/80,SG436,SP0001,PT202,DDP,S0010,DC10,D011,EUR,TAN,3582853625,3981905109,DE,7194679962,DE,3981905109,DE,3981905109,DE
0002277533/40,SG322,SP0001,PT232,FCA,S0010,DC10,D011,EUR,TAN,4533463595,3522375511,DE,1064240760,DE,3522375511,DE,3522375511,DE
0002082642/20,SG548,SP0001,PT27,DDP,S0010,DC10,D011,EUR,TAN,8298971786,9242056019,DE,9242056019,DE,6242601060,DE,6242601060,DE
0002095345/10,SG301,SP0001,PT26,DDP,S0010,DC10,D011,EUR,TAN,3618618083,6667163616,DE,6667163616,DE,4753725613,DE,4753725613,DE
0002128874/30,SG789,SP0001,PT33,DAP,S0010,DC10,D011,EUR,TAN,5194788446,4150938890,PL,5974139190,PL,4150938890,PL,4150938890,PL
0002223950/10,SG130,SP0300,PT70,FCA,S0300,DC10,NL30,EUR,TAN,32055018,9339024510,FR,2913511912,NL,9339024510,FR,9339024510,FR
0002205342/90,SG205,SP0001,PT221,DDP,S0010,DC10,D011,EUR,TAN,3462957244,6649535660,DE,6649535660,DE,6649535660,DE,6649535660,DE
0002345775/30,SG209,SP0001,PT01,DDP,S0010,DC10,D011,EUR,TAN,4900810219,6903298737,DE,6903298737,DE,6903298737,DE,6903298737,DE
0002239882/100,SGRJ,SP0001,PT32,DDP,S0010,DC10,D011,EUR,ZTCH,9735727036,360370169,GB,360370169,GB,360370169,GB,360370169,GB
0002412259/50,SG577,SP4200,PT95,DDP,S4200,DC10,DK20,GBP,TAN,1531003686,6120609152,GB,3272487965,GB,6120609152,GB,6120609152,GB
0002245928/20,SG759,SP0301,PT32,DDP,S0300,DC10,NL30,USD,ZTCH,687650384,2543536280,FR,5400063214,FR,2543536280,FR,2543536280,FR
0002097606/10,SG250,SP0300,PT70,DDP,S0300,DC10,NL30,EUR,TAN,7555455570,8349353204,NL,8349353204,NL,8349353204,NL,8349353204,NL
0002441817/10,SG344,SP0300,PT32,FCA,S0300,DC10,NL30,EUR,TAN,5727916275,3775792943,PL,3775792943,PL,3775792943,PL,3775792943,PL
0002105081/10,SG269,SP0001,PT95,DDP,S0010,DC10,D011,EUR,TAN,871145672,6547780845,FI,1133831483,FI,6547780845,FI,6547780845,FI
0002161962/10,SG130,SP2000,PT32,DDP,S2000,DC10,PL20,EUR,TAN,6905520369,9648256678,GB,2421896693,NL,9648256678,GB,9648256678,GB
0002126599/10,SG210,SP0301,PT122,DDP,S0300,DC10,NL30,EUR,TAN,6809291658,9325525443,DE,9325525443,DE,9325525443,DE,9325525443,DE
0002179278/10,SG219,SP0700,PT32,DAP,S0700,DC10,PL10,PLN,TAN,1028469051,9427687889,PL,9427687889,PL,9427687889,PL,9427687889,PL
0002436595/32,SG323,SP0001,PT32,DAP,S0010,DC10,D011,USD,TAN,277123186,3356660324,IE,5986044775,DE,744697549,IE,744697549,IE
0002383168/20,SG421,SP0001,PTE5,DDP,S0010,DC10,D011,EUR,ZTCH,8875048884,6520176698,DE,6520176698,DE,9816893266,DE,9816893266,DE
0002223690/100,SG159,SP4200,PTF7,FCA,S4200,DC10,DK20,DKK,TAN,8982340108,6730549452,DK,6730549452,DK,6730549452,DK,6730549452,DK
0002284664/20,SG130,SP2000,PT32,DDP,S2000,DC10,PL20,EUR,ZTCH,6905520369,5842412165,NL,2421896693,NL,5842412165,NL,5842412165,NL
0002021792/10,SG789,SP0001,PT32,FCA,S0010,DC10,D011,EUR,TAN,1499125982,851548071,PL,851548071,PL,851548071,PL,851548071,PL
0002166648/20,SG212,SP2070,PT33,FCA,S2000,DC10,PL20,USD,ZTCH,3613584026,1531223687,US,4083429070,US,1531223687,US,1531223687,US
0002131858/40,SG419,SP0001,PT42,DDP,S0010,DC10,D011,EUR,ZTCH,2509629067,4525234065,DE,2376739802,DE,4525234065,DE,4525234065,DE
0001990338/10,SG421,SP0001,PT01,DDP,S0010,DC10,D011,EUR,TAN,2356260337,8311969218,DE,8311969218,DE,8311969218,DE,8311969218,DE
0002445122/10,SG480,SP2000,PT32,DDP,S2000,DC10,PL20,EUR,TAN,2612386507,8610831516,ES,9200560019,NL,8610831516,ES,8610831516,ES
0002453538/10,SG328,SP0001,PT591,DDP,S0010,DC10,D011,EUR,TAN,3830469073,3834268042,DE,3834268042,DE,5229307829,DE,3834268042,DE
0002027194/10,SG341,SP4200,PT42,FCA,S4200,DC10,DK20,DKK,TAN,7532942772,781492974,DK,781492974,DK,781492974,DK,781492974,DK
0002375549/20,SG421,SP1300,PT03,DDP,S1300,DC10,D015,EUR,TAN,847785956,5075550714,DE,5075550714,DE,5075550714,DE,5075550714,DE
0002015269/20,SG250,SP0001,PT33,DDP,S0010,DC10,D011,EUR,ZTCH,647301118,6037718172,NL,7148263687,NL,9198940849,NL,9198940849,NL
0002035273/83,SG323,SP0001,PT32,DAP,S0010,DC10,D011,USD,TAN,8105975517,3356660324,IE,3632479880,DE,744697549,IE,744697549,IE
0002249362/20,SG252,SP0001,PTF7,DDP,S0010,DC10,D011,EUR,TAN,1655403204,7678662049,BE,7678662049,BE,7678662049,BE,7678662049,BE
0002070521/10,SG421,SP0001,PTE5,DDP,S0010,DC10,D011,EUR,TAN,6667077068,9240808033,DE,9240808033,DE,9816893266,DE,9816893266,DE
0002378452/20,SG130,SP2000,PT32,EXW,S2000,DC10,PL20,EUR,ZTCH,6905520369,5842412165,NL,2421896693,NL,5842412165,NL,5842412165,NL
0002413145/10,SG486,SP0700,PT33,DAP,S0700,DC10,PL10,EUR,TAN,5825168682,5830915004,PL,5830915004,PL,5830915004,PL,5830915004,PL
0002174705/60,SG252,SP0001,PT03,DDP,S0010,DC10,D011,EUR,ZTCH,2229422907,3252301681,NL,3252301681,NL,3252301681,NL,3252301681,NL
0002149946/40,SG237,SP4200,PT32,CPT,S4200,DC10,DK20,EUR,TAN,5211080182,3185141286,DE,8725904350,DE,3185141286,DE,3185141286,DE
0002015636/130,SGRJ,SP0001,PT32,DDP,S0010,DC10,D011,EUR,TAN,1114636059,360370169,GB,360370169,GB,360370169,GB,360370169,GB
0002144895/30,SG322,SP0001,PT128,DDP,S0010,DC10,D011,EUR,TAN,221471822,6460409344,DE,6460409344,DE,6460409344,DE,6460409344,DE
0002090005/30,SG419,SP0001,PT03,DDP,S0010,DC10,D011,EUR,TAN,9831975436,112171098,DE,112171098,DE,112171098,DE,112171098,DE
0002378753/10,SG577,SP4200,PT03,DDP,S4200,DC10,DK20,GBP,TAN,8631226667,3451644175,GB,4964009797,GB,3451644175,GB,3451644175,GB
0002054877/20,SG301,SP0300,PT33,DDP,S0300,DC90,NL30,EUR,TAN,9860543523,8383348969,DE,8383348969,DE,8383348969,DE,8383348969,DE
0002042535/10,SG706,SP1300,PT32,DDP,S1300,DC10,D015,EUR,TAN,3070300385,6469031023,SE,2319707005,SE,1595570126,SE,6469031023,SE
0002334646/10,SG991,SP0001,PT250,DDP,S0010,DC10,D011,EUR,TAN,9340944002,7101735006,DE,7182493830,DE,7182493830,DE,7182493830,DE
0002447225/10,SG344,SP0700,PT03,DDP,S0700,DC10,PL10,EUR,TAN,895978368,8962341117,PL,9342258831,PL,8962341117,PL,8962341117,PL
0002132610/20,SG789,SP0001,PT32,FCA,S0010,DC10,D011,EUR,TAN,4745768536,851548071,PL,851548071,PL,851548071,PL,851548071,PL
0002321096/10,SG252,SP2000,PT32,DDP,S2000,DC10,PL20,EUR,TAN,5467922932,7143172224,NL,9852191628,NL,7143172224,NL,7143172224,NL
0002009277/10,SG502,SP0700,PT03,DAP,S0700,DC10,PL10,PLN,TAN,398609731,7205726717,PL,4912901640,PL,7205726717,PL,7205726717,PL
0002313789/10,SG388,SP0001,PT112,DDP,S0010,DC10,D011,EUR,TAN,4809383863,1712863840,DE,1712863840,DE,1712863840,DE,1712863840,DE
0002371090/10,SG938,SP0300,PT03,DDP,S0300,DC90,NL30,EUR,TAN,6957764498,3115437687,BE,5263962174,BE,3115437687,BE,3115437687,BE
0002231108/10,SG341,SP4200,PT32,DDP,S4200,DC10,DK20,DKK,TAN,6432139559,8738262657,DK,8738262657,DK,1417658093,DK,1417658093,DK
0002398236/10,SG436,SP0001,PT25,DDP,S0010,DC10,D011,EUR,TAN,235489618,5146207272,DE,2626501633,DE,5146207272,DE,5146207272,DE
0002088659/100,SGRJ,SP0001,PTES90,DDP,S0010,DC10,D011,EUR,TAN,9639788228,360370169,GB,9598057864,GB,1111588979,GB,1111588979,GB
0002120489/10,SGAG,SP1600,PTF7,DDP,S1600,DC10,NL80,GBP,TAN,6029798844,9944712811,GB,3820297994,GB,9944712811,GB,9944712811,GB
0002114431/10,SG266,SP0300,PT32,FCA,S0300,DC10,NL30,EUR,TAN,7907682733,9339024510,FR,1611133664,RO,9339024510,FR,9339024510,FR
0002432424/10,SG130,SP2000,PT32,EXW,S2000,DC10,PL20,EUR,TAN,6905520369,5842412165,NL,2421896693,NL,5842412165,NL,5842412165,NL
0002366434/40,SG796,SP0700,PT32,DDP,S0700,DC10,PL10,EUR,TAN,9065447775,326911198,PL,326911198,PL,326911198,PL,326911198,PL
0002191281/10,SG344,SP0700,PT33,DAP,S0700,DC10,PL10,EUR,TAN,8459795834,635429272,PL,635429272,PL,635429272,PL,635429272,PL
0002254279/10,SG759,SP0301,PT33,DDP,S0300,DC10,NL30,EUR,TAN,7102200822,3983518606,FR,7575198055,FR,3983518606,FR,3983518606,FR
0002411684/10,SG548,SP0001,PT33,DDP,S0010,DC10,D011,EUR,TAN,4170088077,1095225145,DE,3043611529,DE,9657134080,DE,9657134080,DE
0002182015/10,SG421,SP0001,PT232,DDP,S0010,DC10,D011,EUR,TAN,816131532,1100114515,DE,1100114515,DE,1100114515,DE,1100114515,DE
0002396240/10,SG548,SP0001,PT33,DDP,S0010,DC10,D011,EUR,TAN,9316646090,1095225145,DE,3043611529,DE,9657134080,DE,9657134080,DE
0002013340/30,SG301,SP0300,PT00,DDP,S0300,DC90,NL30,EUR,TAN,8624003725,9044453791,DE,9044453791,DE,9044453791,DE,9044453791,DE
0002241745/10,SG219,SP0700,PTA2,DAP,S0700,DC10,PL10,EUR,TAN,1772362304,5392941216,PL,9015662615,PL,5392941216,PL,5392941216,PL
0001985723/10,SG588,SP0001,PT01,DDP,S0010,DC10,D011,EUR,TAN,8336163242,1872566129,DE,7142898124,DE,1872566129,DE,1872566129,DE
0002457956/50,SG577,SP4200,PT95,DDP,S4200,DC10,DK20,GBP,TAN,1758388339,6120609152,GB,3018155479,GB,6120609152,GB,6120609152,GB
0002217561/10,SG219,SP0700,PT32,DAP,S0700,DC10,PL10,PLN,TAN,9096845246,9427687889,PL,9427687889,PL,9427687889,PL,9427687889,PL
0002186019/60,SG767,SP0001,PTB9,DDP,S0010,DC10,D011,EUR,TAN,2239316189,2232016445,DE,2232016445,DE,2982543313,DE,2982543313,DE
0002354411/10,SG130,SP2000,PT32,EXW,S2000,DC10,PL20,EUR,TAN,6905520369,5842412165,NL,2421896693,NL,5842412165,NL,5842412165,NL
0002123745/10,SG303,SP5900,PT27,DAP,S5900,DC10,D060,EUR,TAN,2337406692,1842267075,DE,6349509589,DE,1842267075,DE,1842267075,DE
0002285350/20,SG132,SP0001,PTC6,DDP,S0010,DC10,D011,EUR,TAN,8216393962,9927335532,DE,4881945743,DE,9927335532,DE,9927335532,DE
0002130160/10,SG328,SP0001,PT591,DDP,S0010,DC10,D011,EUR,TAN,5453749611,3834268042,DE,3834268042,DE,5229307829,DE,3834268042,DE
0002386580/20,SG301,SP4200,PT01,DDP,S4200,DC10,DK20,EUR,TAN,1991390829,1821794068,DE,1821794068,DE,1821794068,DE,1821794068,DE
0002109616/20,SG205,SP0001,PT27,DDP,S0010,DC10,D011,EUR,TAN,692237508,8260388427,DE,8260388427,DE,8260388427,DE,8260388427,DE
0002268952/50,SG212,SP2000,PT33,FCA,S2000,DC10,PL20,USD,TAN,4788085825,1531223687,US,9318612181,CA,1531223687,US,1531223687,US
0002268701/60,SG301,SP0300,PT75,CIP,S0300,DC90,NL30,EUR,TAN,4755618678,9291139766,DE,6197242304,DE,9291139766,DE,9291139766,DE
0002016636/10,SG219,SP0700,PT33,DAP,S0700,DC10,PL10,EUR,TAN,5788069640,1974833849,PL,1974833849,PL,1974833849,PL,1974833849,PL
0002094113/20,SG209,SP0300,PT207,FCA,S0300,DC10,NL30,EUR,TAN,4335259488,1105756257,DE,1105756257,DE,1105756257,DE,1105756257,DE
0002058140/10,SG219,SP0700,PT32,DAP,S0700,DC10,PL10,EUR,TAN,6268895906,3775792943,PL,2071576259,PL,3775792943,PL,3775792943,PL
0002152356/20,SG421,SP0001,PT01,DDP,S0010,DC10,D011,EUR,TAN,762146297,8181141302,DE,8181141302,DE,8181141302,DE,8181141302,DE
0002236763/10,SG801,SP0001,PT03,DDP,S0010,DC10,D011,EUR,TAN,5229537219,8072907391,CZ,8072907391,CZ,8072907391,CZ,8072907391,CZ
0002190301/30,SG502,SP0700,PT32,DDP,S0700,DC10,PL10,EUR,TAN,8864803952,844693373,PL,844693373,PL,844693373,PL,844693373,PL
0002222917/20,SG419,SP0001,PT42,DDP,S0010,DC10,D011,EUR,ZTCH,8633683930,9856149772,DE,9856149772,DE,414947059,DE,414947059,DE
0002006262/20,SG548,SP0001,PT33,DDP,S0010,DC10,D011,EUR,ZTCH,5151537982,5419972804,DE,5419972804,DE,9657134080,DE,9657134080,DE
0002362011/10,SG767,SP0001,PT232,DDP,S0010,DC10,D011,EUR,TAN,4711570658,9048256069,DE,1145540589,DE,9048256069,DE,9048256069,DE
0002327685/20,SG796,SP2070,PT32,FCA,S2000,DC10,PL20,PLN,TAN,549104882,463217656,PL,463217656,PL,463217656,PL,463217656,PL
0002236436/10,SGRJ,SPGULD,PT95,FCA,S0010,DC10,D011,EUR,TAN,3209910425,7396283290,GB,8250327268,GB,7396283290,GB,7396283290,GB
0002353188/20,SG301,SP0300,PT00,DDP,S0300,DC90,NL30,EUR,TAN,8752147613,9044453791,DE,9044453791,DE,9044453791,DE,9044453791,DE
0002206422/70,SG212,SP2000,PT33,FCA,S2000,DC10,PL20,USD,TAN,7086414045,1531223687,US,3423383959,US,1531223687,US,1531223687,US
0002113381/21,SG323,SP0001,PT32,DAP,S0010,DC10,D011,USD,TAN,6189463567,3356660324,IE,5915880634,DE,744697549,IE,744697549,IE
0002358020/10,SG205,SP0001,PT100,DDP,S0010,DC10,D011,EUR,TAN,2639874803,6739147486,DE,6739147486,DE,6739147486,DE,6739147486,DE
0002457491/20,SG301,SP0301,PT33,DDP,S0300,DC10,NL30,EUR,ZTCH,2900791961,8383348969,DE,5429586126,DE,5429586126,DE,5429586126,DE
0002127796/10,SGAG,SP0001,PTF7,DDP,S0010,DC10,D011,GBP,TAN,7792380891,5079771320,GB,9013619072,GB,5079771320,GB,5079771320,GB
0002007288/10,SG302,SP0001,PT01,DDP,S0010,DC10,D011,EUR,TAN,219654003,334385921,DE,334385921,DE,3438201808,DE,3438201808,DE
0002383690/30,SG828,SP2000,PT33,FCA,S2000,DC10,PL20,USD,ZTCH,7086414045,1531223687,US,2057520331,US,1531223687,US,1531223687,US
0002180140/20,SG789,SP0001,PT32,FCA,S0010,DC10,D011,EUR,TAN,1756047827,851548071,PL,851548071,PL,851548071,PL,851548071,PL
0002173686/20,SG421,SP0001,PTE5,DDP,S0010,DC10,D011,EUR,ZTCH,6639789926,1001205270,DE,1001205270,DE,9816893266,DE,9816893266,DE
0002068806/10,SG759,SP0301,PT33,FCA,S0300,DC10,NL30,EUR,TAN,711283030,3936819748,FR,3936819748,FR,3936819748,FR,3936819748,FR
0002223391/70,SG252,SP0001,PT32,DDP,S0010,DC10,D011,EUR,TAN,2120205932,303283323,BE,303283323,BE,303283323,BE,303283323,BE
0002007370/10,SG250,SP0001,PT33,DDP,S0010,DC10,D011,EUR,TAN,4669976206,1678542847,NL,1678542847,NL,9198940849,NL,9198940849,NL
0002073930/10,SG767,SP2000,PTC6,DDP,S2000,DC10,PL20,EUR,TAN,7645020326,6557510799,DE,4881945743,DE,9927335532,DE,9927335532,DE
0002091361/30,SG789,SP0001,PT32,FCA,S0010,DC10,D011,EUR,TAN,8213511015,851548071,PL,851548071,PL,851548071,PL,851548071,PL
0002382186/10,SG130,SP0300,PT70,FCA,S0300,DC10,NL30,EUR,TAN,2953179405,9339024510,FR,7874768412,CY,9339024510,FR,9339024510,FR
0002056203/10,SG269,SP0001,PT42,DDP,S0010,DC10,D011,EUR,TAN,6436513216,8149098894,LV,8149098894,LV,8149098894,LV,8149098894,LV
0002400643/10,SG219,SP0700,PT33,DAP,S0700,DC10,PL10,EUR,TAN,6867968220,3711491883,PL,5104619789,PL,3711491883,PL,3711491883,PL
0002116391/90,SG237,SP4200,PT32,CPT,S4200,DC10,DK20,EUR,TAN,8684882128,3185141286,DE,8725904350,DE,3185141286,DE,3185141286,DE
0002165623/20,SG328,SP0001,PT591,DDP,S0010,DC10,D011,EUR,ZTCH,3050052092,3834268042,DE,3834268042,DE,5229307829,DE,3834268042,DE
0002180070/30,SG436,SP0001,PT02,DDP,S0010,DC10,D011,EUR,TAN,5196670015,7937702320,DE,9187857564,DE,7937702320,DE,7937702320,DE
0002215343/10,SG219,SP0700,PT32,DAP,S0700,DC10,PL10,EUR,TAN,4358399439,4856602621,PL,4856602621,PL,4856602621,PL,4856602621,PL
0002238658/30,SG205,SP0001,PT128,DDP,S0010,DC10,D011,EUR,TAN,499185596,3482378074,DE,3482378074,DE,3482378074,DE,3482378074,DE
0002446424/30,SG421,SP0001,PTD1,FCA,S0010,DC10,D011,EUR,TAN,4048426164,7249511030,DE,6971424864,IQ,7249511030,DE,7249511030,DE
0002142496/10,SG250,SP0001,PT03,DDP,S0010,DC10,D011,EUR,TAN,2806320710,5686640432,BE,2852504427,BE,5686640432,BE,5686640432,BE
0002027205/90,SG210,SP0001,PT32,DDP,S0010,DC10,D011,EUR,TAN,5628879459,9812203623,DE,9812203623,DE,9812203623,DE,9812203623,DE
0002235985/10,SG801,SP0001,PT03,DDP,S0010,DC10,D011,EUR,TAN,9541534138,8072907391,CZ,3766765956,CZ,8072907391,CZ,8072907391,CZ
0002404081/10,SG938,SP1300,PT95,DDP,S1300,DC10,D015,EUR,TAN,2908157653,2621702597,BE,2621702597,BE,2621702597,BE,2621702597,BE
0002265474/60,SG301,SP0300,PT00,DDP,S0300,DC90,NL30,EUR,TAN,6085685012,9044453791,DE,9044453791,DE,9044453791,DE,9044453791,DE
0002223824/20,SG388,SP0001,PT03,DDP,S0010,DC10,D011,EUR,TAN,3241964001,5508461060,DE,3948918414,DE,5508461060,DE,5508461060,DE
0002356947/40,SG436,SP0001,PT03,DDP,S0010,DC10,D011,EUR,TAN,5214336749,3135531213,DE,699128364,DE,9946326346,DE,9946326346,DE
0002340445/10,SG427,SP0001,PT32,FCA,S0010,DC10,D011,EUR,TAN,9805876377,3014747865,RS,3014747865,RS,3014747865,RS,3014747865,RS
0002253080/20,SG302,SP0300,PT26,DDP,S0300,DC10,NL30,EUR,TAN,6708865887,6068185269,DE,7603474786,DE,2555965934,DE,2555965934,DE
0002051476/90,SGR53,SP0001,PT32,FCA,S0010,DC10,D011,EUR,TAN,4802728616,2656773467,KZ,2656773467,KZ,2656773467,KZ,2656773467,KZ
0002319508/130,SG159,SP4200,PTF7,FCA,S4200,DC10,DK20,DKK,TAN,8145820344,8216533608,DK,451092358,DK,8216533608,DK,8216533608,DK
0002423587/10,SG789,SP0001,PT32,FCA,S0010,DC10,D011,EUR,TAN,1282105098,851548071,PL,851548071,PL,851548071,PL,851548071,PL
0002135174/50,SG206,SP4200,PT95,DDP,S4200,DC10,DK20,GBP,TAN,1531003686,6120609152,GB,3272487965,GB,6120609152,GB,6120609152,GB
0002155396/10,SG548,SP2000,PT32,FCA,S2000,DC10,PL20,EUR,TAN,2680081019,31412347,NL,3043611529,DE,31412347,NL,31412347,NL
0002401958/30,SG801,SP0001,PT32,CIP,S0010,DC10,D011,EUR,TAN,9760429718,232035395,CZ,2692680056,AT,232035395,CZ,232035395,CZ
0002166627/10,SGH10,SP0001,PT32,FCA,S0010,DC10,D011,EUR,TAN,2686499170,8277524028,HU,8277524028,HU,8277524028,HU,8277524028,HU
0002439349/10,SG323,SP0001,PT32,FCA,S0010,DC10,D011,USD,TAN,5134121096,1223020718,IE,7691154587,PL,744697549,IE,744697549,IE
0002074735/10,SG548,SP2000,PT33,DDP,S2000,DC10,PL20,EUR,TAN,964191037,4738347811,DE,4738347811,DE,9657134080,DE,9657134080,DE
0002116675/10,SG419,SP0001,PT42,DDP,S0010,DC10,D011,EUR,TAN,3905623412,9856149772,DE,9856149772,DE,414947059,DE,414947059,DE
0002179166/230,SG212,SP2070,PT33,FCA,S2000,DC10,PL20,USD,TAN,4788085825,1531223687,US,3423383959,US,1531223687,US,1531223687,US
0002099872/10,SG344,SP0700,PT42,DAP,S0700,DC10,PL10,PLN,TAN,2646640148,1335531319,PL,5636113369,PL,1335531319,PL,1335531319,PL
0002035005/10,SG210,SP0001,PT32,DDP,S0010,DC10,D011,EUR,TAN,6783270646,9812203623,DE,9812203623,DE,9812203623,DE,9812203623,DE
0001992338/10,SG796,SP0700,PT03,FCA,S0700,DC10,PL10,PLN,TAN,6893132195,1044504895,PL,1044504895,PL,1044504895,PL,1044504895,PL
0002285992/20,SG205,SP1300,PT100,DDP,S1300,DC10,D015,EUR,TAN,9299395802,8355273800,DE,6171673119,DE,8355273800,DE,8355273800,DE
0002401909/140,SG436,SP0001,PT03,DDP,S0010,DC10,D011,EUR,TAN,7939177943,3078518136,DE,8708984665,DE,9946326346,DE,9946326346,DE
0002138907/60,SG419,SP0001,PT42,DDP,S0010,DC10,D011,EUR,ZTCH,9042758465,6638797984,DE,6638797984,DE,6638797984,DE,6638797984,DE
0002314551/20,SG502,SP0700,PT32,DAP,S0700,DC10,PL10,PLN,TAN,1028469051,7310045933,PL,970308236,PL,7310045933,PL,7310045933,PL
0002265564/20,SG132,SP0001,PTC6,DDP,S0010,DC10,D011,EUR,TAN,8069922463,9927335532,DE,4881945743,DE,9927335532,DE,9927335532,DE
0002302579/30,SG344,SP0700,PT03,DAP,S0700,DC10,PL10,PLN,TAN,3349083492,6693428617,PL,6693428617,PL,6693428617,PL,6693428617,PL
0002298812/10,SG344,SP2000,PT03,FCA,S2000,DC10,PL20,PLN,TAN,5309380500,2141328627,PL,970308236,PL,2141328627,PL,2141328627,PL
0002402442/10,SG130,SP0300,PT70,FCA,S0300,DC10,NL30,EUR,TAN,8131791712,9339024510,FR,236418396,LV,9339024510,FR,9339024510,FR
0002379950/170,SG421,SP0001,PT200,DDP,S0010,DC10,D011,EUR,TAN,1750607062,7353176965,DE,7353176965,DE,7353176965,DE,7353176965,DE
0002122444/30,SGH10,SP0001,PT32,FCA,S0010,DC10,D011,EUR,TAN,2474567366,8277524028,HU,8277524028,HU,8277524028,HU,8277524028,HU
0002335006/10,SG548,SP2000,PT70,DDP,S2000,DC10,PL20,EUR,TAN,2143024623,1496685531,DE,6314908820,DE,1496685531,DE,1496685531,DE
0002347937/10,SG210,SP1601,PT96,DDP,S1600,DC10,NL80,EUR,TAN,7900841439,2140333925,DE,2140333925,DE,4832963765,CH,4832963765,CH
0002238298/20,SG991,SP1300,PT232,DDP,S1300,DC10,D015,EUR,ZTCH,8725975397,4787113931,DE,4787113931,DE,4787113931,DE,4787113931,DE
0002058428/20,SG344,SP0700,PT03,DAP,S0700,DC10,PL10,PLN,TAN,637060261,9455850,PL,9455850,PL,9455850,PL,9455850,PL
0002131848/10,SG767,SP2000,PT03,DDP,S2000,DC10,PL20,EUR,TAN,8315330874,9917254824,DE,9563271302,DE,9563271302,DE,9563271302,DE
0002149195/10,SG427,SP5900,PT32,FCA,S5900,DC10,D060,EUR,TAN,4929148900,3014747865,RS,3014747865,RS,3014747865,RS,3014747865,RS
0002036037/10,SG421,SP0001,PT01,DDP,S0010,DC10,D011,EUR,TAN,1459651674,7539863681,DE,2627391093,DE,7539863681,DE,7539863681,DE
0002279287/10,SGAG,SP1601,PTF7,DDP,S1600,DC10,NL80,EUR,TAN,4335085911,9944712811,GB,6023714479,GB,9944712811,GB,9944712811,GB
0002212970/14,SG323,SP0001,PT32,CFR,S0010,DC10,D011,USD,TAN,7444835621,1223020718,IE,1691429460,TR,744697549,IE,744697549,IE
0002235125/10,SG706,SP0001,PT95,DDP,S0010,DC10,D011,EUR,TAN,4025920692,4593916234,DK,3689854861,DK,4593916234,DK,4593916234,DK
0002459514/20,SG250,SP0300,PT32,FCA,S0300,DC10,NL30,EUR,ZTCH,6311160440,8899164173,NL,8899164173,NL,8899164173,NL,8899164173,NL
0002260890/10,SG130,SP2000,PT70,FCA,S2000,DC10,PL20,EUR,TAN,1008617681,9339024510,FR,1903511138,PL,9339024510,FR,9339024510,FR
0002297879/40,SG759,SP0001,PT32,DDP,S0010,DC10,D011,EUR,ZTCH,8819025432,9058393281,FR,9367997211,FR,9058393281,FR,9058393281,FR
0002253492/20,SG206,SP4200,PT32,DDP,S4200,DC10,DK20,GBP,TAN,9752343791,8763749082,GB,786677886,GB,8763749082,GB,8763749082,GB
0002012265/10,SG344,SP0700,PT03,DDP,S0700,DC10,PL10,PLN,TAN,9434828064,6693428617,PL,7841885337,PL,6693428617,PL,6693428617,PL
0002179036/10,SG266,SP0300,PT70,FCA,S0300,DC10,NL30,EUR,TAN,930999587,9339024510,FR,2913511912,NL,9339024510,FR,9339024510,FR
0002119594/10,SG789,SP0001,PT32,FCA,S0010,DC10,D011,EUR,TAN,9660787463,851548071,PL,4660146882,PL,851548071,PL,851548071,PL
0002021706/80,SG341,SP4200,PT03,DDP,S4200,DC10,DK20,EUR,TAN,9146368957,1880154886,SE,9573077422,SE,1880154886,SE,1880154886,SE
0002246333/40,SG205,SP0001,PT221,DDP,S0010,DC10,D011,EUR,ZTCH,6277521984,6649535660,DE,6649535660,DE,6649535660,DE,6649535660,DE
0002216206/10,SGR53,SP0001,PT32,FCA,S0010,DC10,D011,USD,TAN,5433793684,13234652,TM,13234652,TM,13234652,TM,13234652,TM
0002270980/10,SG205,SP0001,PT00,DDP,S0010,DC10,D011,EUR,TAN,6109207414,3714469816,DE,4069201569,DE,3714469816,DE,3714469816,DE
0002063320/10,SG487,SP0001,PTES90,DDP,S0010,DC10,D011,GBP,TAN,2170789712,1111588979,GB,1111588979,GB,1111588979,GB,1111588979,GB
0002279286/10,SG130,SP0300,PT70,FCA,S0300,DC60,NL30,EUR,TAN,2027881904,9339024510,FR,3034700071,MA,9339024510,FR,9339024510,FR
0002182241/20,SG388,SP0001,PT01,DDP,S0010,DC10,D011,EUR,TAN,7350475188,4986235068,DE,2962773094,DE,4986235068,DE,4986235068,DE
0002141329/10,SG266,SP0300,PT32,FCA,S0300,DC60,NL30,EUR,TAN,7295440728,9339024510,FR,8693665744,MY,9339024510,FR,9339024510,FR
0002376706/20,SG421,SP0001,PTE5,DDP,S0010,DC10,D011,EUR,TAN,2356260337,1699756416,DE,1699756416,DE,9816893266,DE,9816893266,DE
0002136685/10,SG502,SP0001,PT32,DDP,S0010,DC10,D011,EUR,TAN,3937972299,1052123093,PL,4217127394,PL,1052123093,PL,1052123093,PL
0002237687/20,SG464,SP0001,PT03,DDP,S0010,DC10,D011,EUR,TAN,2071564614,2241058734,AT,2241058734,AT,2241058734,AT,2241058734,AT
0002258301/50,SG323,SP0001,PT32,CIP,S0010,DC10,D011,USD,TAP,5035898196,3356660324,IE,5975022201,DE,744697549,IE,744697549,IE
0002024309/10,SG421,SP1300,PTE5,DDP,S1300,DC10,D015,EUR,TAN,668817753,7349731599,DE,7349731599,DE,9816893266,DE,9816893266,DE
0002182732/30,SG237,SP4200,PT32,CPT,S4200,DC10,DK20,EUR,TAN,5911981021,3185141286,DE,8725904350,DE,3185141286,DE,3185141286,DE
0002008665/80,SG301,SP0300,PT33,DDP,S0300,DC10,NL30,EUR,TAN,7590822668,8383348969,DE,8383348969,DE,8383348969,DE,8383348969,DE
0002366384/10,SG789,SP2000,PT32,FCA,S2000,DC10,PL20,EUR,TAN,6268895906,851548071,PL,851548071,PL,851548071,PL,851548071,PL
0002428311/20,SG388,SP0001,PT128,DDP,S0010,DC10,D011,EUR,TAN,2461481777,276389690,DE,276389690,DE,276389690,DE,276389690,DE
0002161168/20,SG480,SP2000,PT32,DDP,S2000,DC10,PL20,EUR,ZTCH,3012475692,8610831516,ES,9200560019,NL,8610831516,ES,8610831516,ES
0002046999/20,SG269,SP1300,PT96,DDP,S1300,DC10,D015,EUR,TAN,9242454229,1853555892,EE,1853555892,EE,4832963765,CH,4832963765,CH
0002100350/10,SG219,SP0300,PT33,FCA,S0300,DC10,NL30,EUR,TAN,1756182602,468246121,PL,468246121,PL,468246121,PL,468246121,PL
0002272997/10,SG577,SP0001,PT33,CIF,S0010,DC10,D011,GBP,TAN,4179971159,659139242,GB,1007843942,GB,659139242,GB,659139242,GB
0002110474/60,SG421,SP0001,PTE5,DDP,S0010,DC10,D011,EUR,ZTCH,3739069988,2848039560,DE,2848039560,DE,9816893266,DE,9816893266,DE
0002190019/20,SG421,SP0001,PT232,DDP,S0010,DC10,D011,EUR,TAN,8841995763,1100114515,DE,1100114515,DE,1100114515,DE,1100114515,DE
0002189835/40,SG789,SP0001,PT32,FCA,S0010,DC10,D011,EUR,ZTCH,5602910684,851548071,PL,1488654573,PL,851548071,PL,851548071,PL
0002208723/21,SG323,SP0001,PT32,CIP,S0010,DC10,D011,USD,TAN,6189463567,3356660324,IE,9011248866,DE,744697549,IE,744697549,IE
0002179952/20,SG421,SP0001,PT01,DDP,S0010,DC10,D011,EUR,TAN,1459651674,7539863681,DE,7539863681,DE,7539863681,DE,7539863681,DE
0002031096/90,SG341,SP4200,PTF7,FCA,S4200,DC10,DK20,DKK,TAN,975355471,8216533608,DK,8216533608,DK,8216533608,DK,8216533608,DK
0002050830/40,SG341,SP4200,PTF7,FCA,S4200,DC10,DK20,DKK,TAN,8145820344,8216533608,DK,8216533608,DK,8216533608,DK,8216533608,DK
0002077092/10,SG219,SP0700,PT33,DAP,S0700,DC10,PL10,EUR,TAN,7294043235,3711491883,PL,3711491883,PL,3711491883,PL,3711491883,PL
0002234062/20,SG250,SP0300,PT70,DDP,S0300,DC10,NL30,EUR,ZTCH,3971394811,8349353204,NL,8349353204,NL,8349353204,NL,8349353204,NL
0002356617/20,SG250,SP1601,PT33,DDP,S1600,DC10,NL80,EUR,ZTCH,4903893514,2241477097,NL,9895991552,NL,9198940849,NL,9198940849,NL
0002451019/30,SG237,SP0001,PT01,DDP,S0010,DC10,D011,EUR,TAN,2018412516,3275243430,DE,3275243430,DE,3275243430,DE,3275243430,DE
0002383773/40,SG938,SP5900,PT95,DDP,S5900,DC10,D060,EUR,TAN,3236058447,2621702597,BE,2621702597,BE,2621702597,BE,2621702597,BE
0002217396/10,SG130,SP0300,PT70,FCA,S0300,DC10,NL30,EUR,TAN,584588563,9339024510,FR,209724830,NO,9339024510,FR,9339024510,FR
0002146282/50,SG388,SP0001,PT112,DDP,S0010,DC10,D011,EUR,TAN,4085125881,8896799944,DE,8896799944,DE,8896799944,DE,8896799944,DE
0002377623/40,SG421,SP0001,PT102,DDP,S0010,DC10,D011,EUR,TAN,9049016580,1110179779,DE,1110179779,DE,1110179779,DE,1110179779,DE
0002358105/10,SG301,SP0301,PT01,DDP,S0300,DC10,NL30,EUR,TAN,8545861755,1459021473,DE,1459021473,DE,1459021473,DE,1459021473,DE
0002143590/10,SG548,SP2000,PT33,FCA,S2000,DC10,PL20,EUR,TAN,4588173928,31412347,NL,5419972804,DE,31412347,NL,31412347,NL
0002412106/30,SG705,SP0001,PT32,FCA,S0010,DC10,D011,EUR,TAN,9098455004,4742731422,TR,4742731422,TR,4742731422,TR,4742731422,TR
0002328843/20,SG705,SP0001,PT32,FCA,S0010,DC10,D011,EUR,ZTCH,9830562449,4742731422,TR,4742731422,TR,4742731422,TR,4742731422,TR
0002187714/10,SG421,SP0001,PT232,DDP,S0010,DC10,D011,EUR,TAN,8465179910,2069178506,DE,9519018768,DE,2069178506,DE,2069178506,DE
0002041964/10,SGAG,SP0001,PT70,DDP,S0010,DC10,D011,EUR,TAN,8892437099,2977084502,IE,5613564739,IE,2977084502,IE,2977084502,IE
0002346595/130,SG436,SP0001,PT202,DDP,S0010,DC10,D011,EUR,TAN,8536236049,3981905109,DE,7194679962,DE,3981905109,DE,3981905109,DE
0002169223/100,SG487,SP0001,PT33,DDP,S0010,DC10,D011,GBP,TAN,3236243242,1111588979,GB,1111588979,GB,1111588979,GB,1111588979,GB
0002390940/10,SG303,SP1300,PT03,DDP,S1300,DC10,D015,EUR,TAN,4260253952,3401636466,DE,3401636466,DE,3401636466,DE,3401636466,DE
0002091137/80,SG341,SP4200,PT32,DDP,S4200,DC10,DK20,EUR,TAN,1938079754,4578244322,FI,3111843354,FI,4578244322,FI,4578244322,FI
0002436834/30,SG705,SP0001,PT32,FCA,S0010,DC10,D011,EUR,TAN,4536419330,4742731422,TR,4742731422,TR,4742731422,TR,4742731422,TR
0001986025/40,SG419,SP0001,PT03,DDP,S0010,DC10,D011,EUR,ZTCH,402181909,112171098,DE,112171098,DE,112171098,DE,112171098,DE
0002042431/10,SG419,SP0001,PT128,DDP,S0010,DC10,D011,EUR,TAN,1273360513,3197732197,DE,3197732197,DE,2630271418,DE,3197732197,DE
0002019489/50,SGRJ,SP0001,PT32,DDP,S0010,DC10,D011,EUR,TAN,988317370,360370169,GB,360370169,GB,360370169,GB,360370169,GB
0002063225/10,SG301,SP0301,PT33,DDP,S0300,DC10,NL30,EUR,TAN,2627942719,8383348969,DE,5429586126,DE,8383348969,DE,8383348969,DE
0002414457/20,SG421,SP0001,PTE5,DDP,S0010,DC10,D011,EUR,ZTCH,6639789926,1001205270,DE,1001205270,DE,9816893266,DE,9816893266,DE
0002242057/10,SG132,SP1300,PT03,DDP,S1300,DC10,D015,EUR,TAN,8868988804,4623867384,DE,4623867384,DE,4623867384,DE,4623867384,DE
0002101794/120,SG577,SP0001,PT33,CIP,S0010,DC10,D011,GBP,ZTCH,7612875491,659139242,GB,3859164832,GB,659139242,GB,659139242,GB
0002300183/10,SG419,SP0001,PT42,DDP,S0010,DC10,D011,EUR,TAN,6633873437,9856149772,DE,9856149772,DE,9856149772,DE,9856149772,DE
0002178027/10,SG938,SP0001,PT03,DDP,S0010,DC10,D011,EUR,TAN,2022187381,955219743,BE,955219743,BE,955219743,BE,955219743,BE
0002410428/10,SG421,SP1300,PTE5,DDP,S1300,DC10,D015,EUR,TAN,3983600543,2848039560,DE,2848039560,DE,9816893266,DE,9816893266,DE
0002255874/40,SG464,SP0001,PT03,CIP,S0010,DC10,D011,EUR,ZTCH,9374183206,6785629611,AT,6785629611,AT,6785629611,AT,6785629611,AT
0002072792/10,SGRJ,SP0300,PT32,FCA,S0300,DC10,NL30,EUR,TAN,7021807576,5256753506,NL,6561608538,CI,5256753506,NL,5256753506,NL
0002055103/60,SG420,SP0001,PT102,DDP,S0010,DC10,D011,EUR,ZTCH,1672007191,1754951958,DE,1754951958,DE,1754951958,DE,1754951958,DE
0002391809/10,SG420,SP0001,PTC7,DDP,S0010,DC10,D011,EUR,TAN,3178640179,9752694720,DE,9752694720,DE,9752694720,DE,9752694720,DE
0002190103/10,SG301,SP0300,PT26,DDP,S0300,DC90,NL30,EUR,TAN,8265534915,6667163616,DE,6667163616,DE,4753725613,DE,4753725613,DE
0002392373/10,SGH10,SP1300,PT70,DAP,S1300,DC10,D015,EUR,TAN,3169189169,6991086341,HU,6991086341,HU,6991086341,HU,6991086341,HU
0002281839/40,SG487,SP0400,PT95,CIP,S0400,DC10,UK10,GBP,TAN,670165380,9481463302,GB,1336069523,GB,5529038695,GB,9481463302,GB
0002077830/10,SG323,SP2800,PT32,FCA,S2800,DC10,D017,USD,TAN,2538094474,7111713933,IE,7257739923,SA,744697549,IE,744697549,IE
0002356947/50,SG436,SP0001,PT03,DDP,S0010,DC10,D011,EUR,ZTCH,5214336749,3135531213,DE,699128364,DE,9946326346,DE,9946326346,DE
0001985462/200,SG206,SP4200,PT32,DDP,S4200,DC10,DK20,GBP,TAN,6977420222,8146909609,GB,4209629923,GB,8146909609,GB,8146909609,GB
0002123273/40,SG301,SP0300,PT26,DDP,S0300,DC90,NL30,EUR,TAN,7943533478,6667163616,DE,6667163616,DE,4753725613,DE,4753725613,DE
0002025160/10,SG269,SP2000,PT03,FCA,S2000,DC10,PL20,EUR,TAN,6615602928,2462657494,LT,2462657494,LT,2462657494,LT,2462657494,LT
0002088537/30,SG421,SP0001,PT26,DDP,S0010,DC10,D011,EUR,TAN,762146297,37884309,DE,9576385180,DE,37884309,DE,37884309,DE
0002199446/90,SG250,SP0001,PT33,DDP,S0010,DC10,D011,EUR,TAN,4082106705,1678542847,NL,1678542847,NL,9198940849,NL,9198940849,NL
0002240285/20,SG759,SP0001,PT32,DDP,S0010,DC10,D011,EUR,ZTCH,1580555768,9058393281,FR,9058393281,FR,9058393281,FR,9058393281,FR
0002014742/10,SG801,SP1601,PT33,DDP,S1600,DC10,NL80,EUR,TAN,3107960040,7203485562,CZ,7203485562,CZ,7203485562,CZ,7203485562,CZ
0002245124/60,SG212,SP3200,PT33,FCA,S3200,DC10,PL30,USD,TAN,8126090135,1531223687,US,3423383959,US,1531223687,US,1531223687,US
0001998259/20,SG210,SP0001,PT32,DDP,S0010,DC10,D011,EUR,ZTCH,9930731008,9812203623,DE,9812203623,DE,9812203623,DE,9812203623,DE
0002303985/10,SG938,SP0300,PT70,DDP,S0300,DC90,NL30,EUR,TAN,6623086527,9843340631,NL,9843340631,NL,3093869765,NL,3093869765,NL
0002351966/10,SG130,SP2000,PT32,DDP,S2000,DC10,PL20,EUR,TAN,6905520369,5842412165,NL,2421896693,NL,5842412165,NL,5842412165,NL
0002375101/10,SG789,SP0001,PT32,FCA,S0010,DC10,D011,EUR,TAN,6919667106,851548071,PL,2381827745,PL,851548071,PL,851548071,PL
0002393215/30,SG502,SP0700,PT32,DAP,S0700,DC10,PL10,PLN,TAN,5696090667,7310045933,PL,970308236,PL,7310045933,PL,7310045933,PL
0002012677/20,SG421,SP0001,PT01,DDP,S0010,DC10,D011,EUR,TAN,499185596,6423231148,DE,6423231148,DE,6423231148,DE,6423231148,DE
0002292327/10,SG130,SP2000,PT70,FCA,S2000,DC10,PL20,EUR,TAN,1008617681,9339024510,FR,5782730564,BE,9339024510,FR,9339024510,FR
0002362876/20,SG421,SP0001,PT200,DDP,S0010,DC10,D011,EUR,ZTCH,3638941542,387007695,DE,9723312517,DE,9723312517,DE,9723312517,DE
0002097619/40,SG269,SP0001,PT33,DDP,S0010,DC10,D011,EUR,TAN,1689448319,2577866841,FI,5996781933,FI,2577866841,FI,2577866841,FI
0002114119/10,SG303,SP0001,PT03,DDP,S0010,DC10,D011,EUR,TAN,7999053899,3512424109,DE,4816786307,DE,6457079333,DE,3512424109,DE
0002325891/40,SG427,SP0001,PT32,FCA,S0010,DC10,D011,EUR,ZTCH,7729919808,3014747865,RS,3014747865,RS,3014747865,RS,3014747865,RS
0002457078/20,SG210,SP0001,PT96,DDP,S0010,DC10,D011,EUR,ZTCH,8849077470,2140333925,DE,2140333925,DE,4832963765,CH,4832963765,CH
0002295423/90,SG487,SP0001,PT33,DDP,S0010,DC10,D011,GBP,TAN,6519945889,1111588979,GB,1111588979,GB,1111588979,GB,1111588979,GB
0002445023/10,SG388,SP0001,PT01,DDP,S0010,DC10,D011,EUR,TAN,7323218136,8281582,DE,8281582,DE,8281582,DE,8281582,DE
0002446381/10,SG328,SP2000,PT591,DDP,S2000,DC10,PL20,EUR,TAN,2989625887,3834268042,DE,3834268042,DE,5229307829,DE,3834268042,DE
0002090419/10,SG323,SP0001,PT32,FCA,S0010,DC10,D011,USD,TAN,2320200568,4543803660,IE,4543803660,IE,1950262236,IE,1950262236,IE
0002422661/40,SG322,SP0001,PT01,DDP,S0010,DC10,D011,EUR,TAN,7527518888,9475209646,DE,9475209646,DE,9475209646,DE,9475209646,DE
0002340852/40,SG301,SP0300,PT75,CIP,S0300,DC90,NL30,EUR,TAN,4755618678,9291139766,DE,6197242304,DE,9291139766,DE,9291139766,DE
0002344705/20,SG464,SP0300,PT70,DDP,S0300,DC10,NL30,EUR,TAN,2588692409,9163308947,AT,349921395,FR,7785159690,FR,7785159690,FR
0002313666/10,SG789,SP0001,PT32,FCA,S0010,DC10,D011,EUR,TAN,3989985882,851548071,PL,851548071,PL,851548071,PL,851548071,PL
0002342911/20,SG132,SP0001,PT27,DDP,S0010,DC10,D011,EUR,TAN,4519246120,8682177386,DE,8682177386,DE,8682177386,DE,8682177386,DE
0002023637/10,SG344,SP0700,PT33,DDP,S0700,DC10,PL10,EUR,TAN,9747789108,9446170538,PL,9446170538,PL,9446170538,PL,9446170538,PL
0002095704/10,SG421,SP1300,PT202,DDP,S1300,DC10,D015,EUR,TAN,8669825569,9253899679,DE,9253899679,DE,9253899679,DE,9253899679,DE
0002333828/30,SG328,SP0301,PT03,FCA,S0300,DC10,NL30,EUR,TAN,7247478819,112171098,DE,112171098,DE,112171098,DE,112171098,DE
0002166279/10,SG419,SP2000,PT42,DDP,S2000,DC10,PL20,EUR,TAN,7645020326,4525234065,DE,2376739802,DE,4525234065,DE,4525234065,DE
0002181534/40,SG269,SP1300,PT03,DDP,S1300,DC10,D015,EUR,ZTCH,7843215342,5333617529,FI,6399558909,FI,5333617529,FI,5333617529,FI
0002231136/30,SG159,SP4200,PTF7,FCA,S4200,DC10,DK20,DKK,TAN,8145820344,8216533608,DK,451092358,DK,8216533608,DK,8216533608,DK
0002293404/30,SGAG,SP0001,PTF7,DDP,S0010,DC10,D011,GBP,TAN,2153671195,6813934950,GB,3015358633,GB,7725676239,GB,6813934950,GB
0002351946/10,SG130,SP2000,PT32,DDP,S2000,DC10,PL20,EUR,TAN,6905520369,5842412165,NL,2421896693,NL,5842412165,NL,5842412165,NL
0002216256/10,SG705,SP0001,PT32,FCA,S0010,DC10,D011,EUR,TAN,7793492869,4742731422,TR,4742731422,TR,4742731422,TR,4742731422,TR
0002308079/60,SG388,SP0001,PT112,DDP,S0010,DC10,D011,EUR,TAN,7886105524,8896799944,DE,8896799944,DE,8896799944,DE,8896799944,DE
0002043124/10,SG209,SP0301,PT00,EXW,S0300,DC10,NL30,USD,TAN,2474072045,8154968605,DE,3131184188,DE,8154968605,DE,8154968605,DE
0002389912/20,SGAG,SP0001,PT70,DDP,S0010,DC10,D011,EUR,ZTCH,7162798747,6133751789,GB,6720206890,GB,6133751789,GB,6133751789,GB
0002033366/20,SG210,SP0001,PT32,DDP,S0010,DC10,D011,EUR,ZTCH,2743337877,8198201053,DE,8198201053,DE,9812203623,DE,9812203623,DE
0002026055/10,SG341,SP4200,PT03,DDP,S4200,DC10,DK20,EUR,TAN,4400691488,1880154886,SE,9573077422,SE,1880154886,SE,1880154886,SE
0002013655/20,SG301,SP0301,PT33,DDP,S0300,DC10,NL30,EUR,ZTCH,8165570012,8383348969,DE,5429586126,DE,8383348969,DE,8383348969,DE
0002059113/20,SG789,SP0002,PT33,EXW,S0010,DC10,D011,EUR,ZTCH,8850971115,4150938890,PL,7294788717,PL,4150938890,PL,4150938890,PL
0002216922/20,SG938,SP1300,PT95,DDP,S1300,DC10,D015,EUR,ZTCH,3595279160,8361218272,BE,8361218272,BE,8361218272,BE,8361218272,BE
0002329643/350,SG159,SP4200,PT03,DDP,S4200,DC10,DK20,SEK,TAN,838481089,8686364201,SE,7521123098,SE,8686364201,SE,8686364201,SE
0002031908/30,SG548,SP0001,PT27,DDP,S0010,DC10,D011,EUR,TAN,996958882,9242056019,DE,9242056019,DE,6242601060,DE,6242601060,DE
0002366400/10,SG427,SP0001,PT96,DAP,S0010,DC10,D011,EUR,TAN,5883473113,5696269078,RS,5696269078,RS,4832963765,CH,4832963765,CH
0002306527/10,SG436,SP0001,PT03,DDP,S0010,DC10,D011,EUR,TAN,1675712786,2828116211,DE,2828116211,DE,9946326346,DE,9946326346,DE
0002021156/10,SG991,SP0001,PT01,DDP,S0010,DC10,D011,EUR,TAN,6451041886,781888250,DE,781888250,DE,781888250,DE,781888250,DE
0002255840/70,SG991,SP0001,PT128,DDP,S0010,DC10,D011,EUR,TAN,3032558475,2861235243,DE,1145540589,DE,2861235243,DE,2861235243,DE
0002130227/10,SG548,SP2000,PT33,DDP,S2000,DC10,PL20,EUR,TAN,9840298024,4738347811,DE,4738347811,DE,9657134080,DE,9657134080,DE
0002033547/10,SG789,SP0001,PT32,FCA,S0010,DC10,D011,EUR,TAN,5429305378,851548071,PL,851548071,PL,851548071,PL,851548071,PL
0002421099/10,SG548,SP2000,PT33,FCA,S2000,DC10,PL20,EUR,TAN,2680081019,1095225145,DE,7800747996,DE,31412347,NL,31412347,NL
0002399215/140,SG206,SP4200,PT03,DDP,S4200,DC10,DK20,EUR,TAN,5457865805,9621870585,IE,9621870585,IE,9621870585,IE,9621870585,IE
0002249011/60,SG420,SP0001,PTB9,DDP,S0010,DC10,D011,EUR,ZTCH,3589266069,510256366,DE,7638248229,DE,510256366,DE,510256366,DE
0002164650/10,SG301,SP0300,PT00,DDP,S0300,DC90,NL30,EUR,TAN,6569108817,9044453791,DE,9044453791,DE,9044453791,DE,9044453791,DE
0002445003/30,SG548,SP2000,PT33,FCA,S2000,DC10,PL20,EUR,TAN,4499900447,1095225145,DE,7800747996,DE,31412347,NL,31412347,NL
0002335297/10,SG938,SP0300,PT32,DDP,S0300,DC90,NL30,EUR,TAN,1775774807,5004943138,NL,7899026069,NL,8729244759,NL,8729244759,NL
0002290950/10,SG789,SP5900,PT32,FCA,S5900,DC10,D060,EUR,TAN,7620930154,851548071,PL,9711338431,PL,851548071,PL,851548071,PL
0002047505/10,SG388,SP0001,PT01,DDP,S0010,DC10,D011,EUR,TAN,7580363232,5625918684,DE,5625918684,DE,5625918684,DE,5625918684,DE
0001999117/10,SG205,SP0001,PTC1,DDP,S0010,DC10,D011,EUR,TAN,86275301,82206972,DE,82206972,DE,82206972,DE,82206972,DE
0002068472/20,SG322,SP0001,PT228,DDP,S0010,DC10,D011,EUR,ZTCH,567013621,6576198872,DE,6576198872,DE,6576198872,DE,6576198872,DE
0002099576/10,SG266,SP0001,PT33,FCA,S0010,DC10,D011,EUR,TAN,2771975264,3143909879,IE,5208107533,IE,3143909879,IE,3143909879,IE
0002098949/10,SG421,SP0300,PT102,DDP,S0300,DC10,NL30,EUR,TAN,5483885672,4696618432,DE,4696618432,DE,4696618432,DE,4696618432,DE
0002290547/20,SGRJ,SPGULD,PTEV11,FCA,S0010,DC10,D011,EUR,TAN,3209910425,7396283290,GB,8250327268,GB,7396283290,GB,7396283290,GB
0002445737/20,SG420,SP0001,PT00,DDP,S0010,DC10,D011,EUR,TAN,6760699874,111647653,DE,111647653,DE,111647653,DE,111647653,DE
0002087803/10,SG767,SP2000,PTC6,DDP,S2000,DC10,PL20,EUR,TAN,964191037,7048107123,DE,7048107123,DE,9927335532,DE,9927335532,DE
0002314283/20,SG130,SP2000,PT70,FCA,S2000,DC10,PL20,EUR,ZTCH,1008617681,9339024510,FR,1903511138,PL,9339024510,FR,9339024510,FR
0002036799/70,SG205,SP0001,PT27,DDP,S0010,DC10,D011,EUR,TAN,7401037563,8682177386,DE,8682177386,DE,8682177386,DE,8682177386,DE
0002309901/10,SG938,SP0001,PT32,DDP,S0010,DC10,D011,EUR,TAN,2694032422,5004943138,NL,7899026069,NL,8729244759,NL,8729244759,NL
0002384544/10,SG421,SP0001,PT26,CIP,S0010,DC10,D011,EUR,TAN,9236707025,387007695,DE,4923868544,DE,4422385601,DE,4422385601,DE
0002009342/10,SG789,SP0001,PT33,DDP,S0010,DC10,D011,EUR,TAN,2476981437,4150938890,PL,5974139190,PL,4150938890,PL,4150938890,PL
0002353710/30,SG205,SP0001,PT221,DDP,S0010,DC10,D011,EUR,TAN,473747822,6649535660,DE,6649535660,DE,6649535660,DE,6649535660,DE
0002110236/10,SG212,SP2000,PT33,FCA,S2000,DC10,PL20,USD,TAN,7672288359,1531223687,US,4303282344,US,1531223687,US,1531223687,US
0002314063/20,SG132,SP1300,PT00,DDP,S1300,DC10,D015,EUR,ZTCH,557144321,4546317404,DE,4546317404,DE,4546317404,DE,4546317404,DE
0002053895/20,SG344,SP0700,PT00,DAP,S0700,DC10,PL10,PLN,TAN,4877332640,5738715156,PL,5738715156,PL,5738715156,PL,5738715156,PL
0002175991/10,SG767,SP0001,PTC6,DDP,S0010,DC10,D011,EUR,TAN,9284115118,9927335532,DE,9616924621,DE,9927335532,DE,9927335532,DE
0002190979/10,SG219,SP0700,PT32,DAP,S0700,DC10,PL10,EUR,TAN,5772802772,3775792943,PL,2071576259,PL,3775792943,PL,3775792943,PL
0002298751/10,SG419,SP1300,PT03,DDP,S1300,DC10,D015,EUR,TAN,439139468,4519649750,DE,4519649750,DE,4519649750,DE,4519649750,DE
0002027778/10,SG789,SP0001,PT32,FCA,S0010,DC10,D011,EUR,TAN,8888588725,851548071,PL,851548071,PL,851548071,PL,851548071,PL
0002314307/10,SG421,SP0001,PT01,DDP,S0010,DC10,D011,EUR,TAN,2429945058,1023600473,DE,1023600473,DE,1023600473,DE,1023600473,DE
0002151985/10,SG480,SP2000,PT32,DDP,S2000,DC10,PL20,EUR,TAN,3012475692,8610831516,ES,9200560019,NL,8610831516,ES,8610831516,ES
0002346110/10,SG767,SP0301,PT03,DDP,S0300,DC10,NL30,EUR,TAS,3944325757,9917254824,DE,4776990046,DE,9563271302,DE,9563271302,DE
0002293081/10,SG159,SP4200,PT00,FCA,S4200,DC10,DK20,DKK,TAN,3120966815,781492974,DK,781492974,DK,781492974,DK,781492974,DK
0002336034/161,SG323,SP0001,PT32,CIP,S0010,DC10,D011,USD,TAN,5757571312,3356660324,IE,9011248866,DE,744697549,IE,744697549,IE
0002424672/50,SG421,SP0001,PTE5,DDP,S0010,DC10,D011,EUR,TAN,6072385633,2848039560,DE,2848039560,DE,9816893266,DE,9816893266,DE
0002046679/40,SG419,SP0001,PT01,DDP,S0010,DC10,D011,EUR,ZTCH,349541602,4081585965,DE,4081585965,DE,4081585965,DE,4081585965,DE
0002258713/20,SG419,SP0001,PT106,DDP,S0010,DC10,D011,EUR,TAN,7096827252,4845405727,DE,4845405727,DE,4845405727,DE,4845405727,DE
0002204121/80,SG487,SP0400,PT95,CIP,S0400,DC10,UK10,GBP,TAN,6664082811,9481463302,GB,1336069523,GB,5529038695,GB,9481463302,GB
0002004258/140,SG210,SP0001,PT32,DDP,S0010,DC10,D011,EUR,ZTCH,9795862622,8198201053,DE,8198201053,DE,9812203623,DE,9812203623,DE
0002110519/30,SG341,SP4200,PT00,FCA,S4200,DC10,DK20,DKK,TAN,3120966815,781492974,DK,781492974,DK,781492974,DK,781492974,DK
0002277343/10,SG301,SP0001,PT03,DDP,S0010,DC10,D011,EUR,TAN,9770861785,5429586126,DE,5429586126,DE,5429586126,DE,5429586126,DE
0002239236/10,SG303,SP5900,PT33,DAP,S5900,DC10,D060,EUR,TAN,4241043358,5503550164,PL,7020607722,PL,5503550164,PL,5503550164,PL
0002255208/70,SG487,SP0001,PTF7,DDP,S0010,DC10,D011,GBP,TAN,3823022035,3897171929,GB,5485077779,GB,3897171929,GB,3897171929,GB
0002214935/10,SG789,SP0001,PT32,FCA,S0010,DC10,D011,EUR,TAN,6627163214,851548071,PL,4660146882,PL,851548071,PL,851548071,PL
0002449545/130,SG421,SP0001,PT200,DDP,S0010,DC10,D011,EUR,TAN,5044914697,7353176965,DE,7353176965,DE,7353176965,DE,7353176965,DE
0002178568/10,SG464,SP0001,PT00,DDP,S0010,DC10,D011,EUR,TAN,423180950,9105408416,AT,9105408416,AT,9105408416,AT,9105408416,AT
0002315932/10,SG828,SP4600,PT03,FCA,S4600,DC10,US30,USD,TAN,3866419031,889710030,US,889710030,US,889710030,US,889710030,US
0002292162/70,SG210,SP0001,PT228,DDP,S0010,DC10,D011,EUR,TAN,8841995763,9909549831,DE,9909549831,DE,9909549831,DE,9909549831,DE
0002032774/20,SG480,SP2211,PT33,DAP,S2200,DC10,D300,USD,ZTCH,573318807,8610831516,ES,9200560019,NL,8610831516,ES,8610831516,ES
0002017922/50,SG206,SP4200,PT32,DDP,S4200,DC10,DK20,GBP,TAN,3023372082,8146909609,GB,4209629923,GB,8146909609,GB,8146909609,GB
0002329192/10,SG486,SP0700,PT32,DDP,S0700,DC10,PL10,EUR,TAN,398609731,3466849931,PL,2381827745,PL,3466849931,PL,3466849931,PL
0002210018/40,SGR53,SP0001,PT32,FCA,S0010,DC10,D011,EUR,TAN,5571814789,3614421788,GE,3614421788,GE,3614421788,GE,3614421788,GE
0002388548/10,SG301,SP0001,PT26,DDP,S0010,DC10,D011,EUR,TAN,3618618083,6667163616,DE,6667163616,DE,4753725613,DE,4753725613,DE
0002446131/10,SG209,SP0001,PT112,DDP,S0010,DC10,D011,EUR,TAN,8527794407,8307972766,DE,8307972766,DE,8307972766,DE,8307972766,DE
0002245895/20,SG421,SP1300,PTE5,DDP,S1300,DC10,D015,EUR,TAN,7471261717,2848039560,DE,2848039560,DE,9816893266,DE,9816893266,DE
0002316090/10,SG303,SP5900,PT32,DAP,S5900,DC10,D060,EUR,TAN,5384920432,4652219597,HU,4652219597,HU,4652219597,HU,4652219597,HU
0002421664/20,SG322,SP0001,PT128,DDP,S0010,DC10,D011,EUR,TAN,1340294590,3576970673,DE,3576970673,DE,3576970673,DE,3576970673,DE
0002099801/10,SG421,SP0001,PT112,DDP,S0010,DC10,D011,EUR,TAN,8465179910,5691874100,DE,5691874100,DE,5691874100,DE,5691874100,DE
0002305093/10,SG130,SP0300,PT70,FCA,S0300,DC10,NL30,EUR,TAN,645595985,9339024510,FR,2700485523,CZ,9339024510,FR,9339024510,FR
0002418509/10,SG130,SP0001,PT70,FCA,S0010,DC10,D011,EUR,TAN,4333549760,9339024510,FR,9339024510,FR,9339024510,FR,9339024510,FR
0002136556/10,SG487,SP0400,PT95,CIP,S0400,DC10,UK10,GBP,TAN,9599241685,9481463302,GB,8788505162,GB,5529038695,GB,9481463302,GB
0002249483/20,SG421,SP1300,PT102,DDP,S1300,DC10,D015,EUR,TAN,7247882059,6929986647,DE,6929986647,DE,6929986647,DE,6929986647,DE
0002018049/10,SG344,SP0700,PT33,DAP,S0700,DC10,PL10,PLN,TAN,8664520541,4197928577,PL,4197928577,PL,4197928577,PL,4197928577,PL
0002027217/10,SG991,SP0001,PT01,DDP,S0010,DC10,D011,EUR,TAN,4263033113,9632741835,DE,9632741835,DE,9632741835,DE,9632741835,DE
0002154650/70,SG436,SP0001,PT202,DDP,S0010,DC10,D011,EUR,TAN,5283422618,3981905109,DE,7194679962,DE,3981905109,DE,3981905109,DE
0002150518/30,SG205,SP0001,PT221,DDP,S0010,DC10,D011,EUR,TAN,1488802742,6649535660,DE,6649535660,DE,6649535660,DE,6649535660,DE
0002014163/10,SG266,SP0300,PT32,FCA,S0300,DC10,NL30,EUR,TAN,1285760594,9339024510,FR,2913511912,NL,9339024510,FR,9339024510,FR
0002444407/10,SG322,SP0001,PT205,DDP,S0010,DC10,D011,EUR,TAN,7706361577,3617078005,DE,3617078005,DE,3617078005,DE,3617078005,DE
0002047447/10,SG588,SP0001,PT112,DDP,S0010,DC10,D011,EUR,TAN,2461481777,5893151146,DE,5893151146,DE,5893151146,DE,5893151146,DE
0002119458/10,SG252,SP0001,PTF7,DDP,S0010,DC10,D011,EUR,TAN,4994432969,7678662049,BE,7678662049,BE,7678662049,BE,7678662049,BE
0002283160/10,SG210,SP0001,PT32,DDP,S0010,DC10,D011,EUR,TAN,1015897812,8198201053,DE,8198201053,DE,9812203623,DE,9812203623,DE
0002086720/10,SG419,SP2000,PT42,DDP,S2000,DC10,PL20,EUR,TAN,7645020326,4525234065,DE,2376739802,DE,4525234065,DE,4525234065,DE
0002077578/20,SG419,SP0001,PT01,DDP,S0010,DC10,D011,EUR,ZTCH,5573315467,4081585965,DE,4081585965,DE,4081585965,DE,4081585965,DE
0002434069/140,SG436,SP0001,PTC7,DDP,S0010,DC10,D011,EUR,ZTCH,4193769677,1916933160,DE,3449961941,DE,1916933160,DE,1916933160,DE
0002227962/10,SG705,SP1300,PT32,FCA,S1300,DC10,D015,EUR,TAN,9851049160,4742731422,TR,4742731422,TR,4742731422,TR,4742731422,TR
0002207277/40,SG577,SP2000,PT32,FCA,S2000,DC10,PL20,EUR,TAN,6469620306,9987472792,GB,825367724,GB,31412347,NL,31412347,NL
0002440183/10,SG480,SP2000,PT32,DDP,S2000,DC10,PL20,EUR,TAN,3012475692,8610831516,ES,9200560019,NL,8610831516,ES,8610831516,ES
0002218071/10,SG212,SP2000,PT33,FCA,S2000,DC10,PL20,USD,TAN,7086414045,1531223687,US,3423383959,US,1531223687,US,1531223687,US
0002441238/30,SG322,SP1300,PT03,DDP,S1300,DC10,D015,EUR,TAN,5307527812,3617078005,DE,3617078005,DE,3617078005,DE,3617078005,DE
0002428933/20,SG828,SP2000,PT33,FCA,S2000,DC10,PL20,USD,ZTCH,3762844930,1531223687,US,3789823390,US,1531223687,US,1531223687,US
0002447200/10,SG250,SP0001,PT03,DDP,S0010,DC10,D011,EUR,TAN,4679949905,7834456259,NL,911460134,NL,7834456259,NL,7834456259,NL
0002012513/40,SG421,SP0001,PT112,DDP,S0010,DC10,D011,EUR,TAN,6621389655,8893033638,DE,8893033638,DE,8893033638,DE,8893033638,DE
0002221161/90,SG421,SP0001,PTD1,DDP,S0010,DC10,D011,EUR,TAN,8847045255,5506299787,DE,615476128,DE,5506299787,DE,5506299787,DE
0002065773/30,SG206,SP4200,PT95,DDP,S4200,DC10,DK20,GBP,TAN,7814796624,6120609152,GB,3018155479,GB,6120609152,GB,6120609152,GB
0002139894/20,SG388,SP0001,PT112,DDP,S0010,DC10,D011,EUR,TAN,6886270619,6550185246,DE,6550185246,DE,6550185246,DE,6550185246,DE
0002099795/80,SG421,SP0001,PT26,DDP,S0010,DC10,D011,EUR,TAN,7866761085,37884309,DE,9576385180,DE,37884309,DE,37884309,DE
0002062326/10,SG548,SP1300,PT27,DDP,S1300,DC10,D015,EUR,TAN,1081724565,9242056019,DE,9242056019,DE,6242601060,DE,6242601060,DE
0002230511/10,SG991,SP0001,PT27,DDP,S0010,DC10,D011,EUR,TAN,9430734795,9242056019,DE,9242056019,DE,6242601060,DE,6242601060,DE
0002124085/10,SG487,SP0400,PT95,CIP,S0400,DC10,UK10,GBP,TAN,9933293887,9481463302,GB,1336069523,GB,5529038695,GB,9481463302,GB
0002009090/10,SG388,SP0001,PT01,DDP,S0010,DC10,D011,EUR,TAN,1858190328,911105736,DE,911105736,DE,911105736,DE,911105736,DE
0002273555/10,SG130,SP2000,PT32,DDP,S2000,DC10,PL20,EUR,TAN,6905520369,5842412165,NL,2421896693,NL,5842412165,NL,5842412165,NL
0002383311/10,SG237,SP0300,PT01,DAP,S0300,DC10,NL30,EUR,TAN,9934878503,8356679175,DE,5843616578,DE,8356679175,DE,8356679175,DE
0002250760/10,SG487,SP0001,PT33,DDP,S0010,DC10,D011,GBP,TAN,2170789712,1111588979,GB,1111588979,GB,1111588979,GB,1111588979,GB
0002247167/20,SG789,SP0700,PT96,DDP,S0700,DC10,PL10,EUR,TAN,5602910684,6999179940,PL,1488654573,PL,4045213787,CH,4045213787,CH
0002365654/20,SG436,SP0001,PT26,CIP,S0010,DC10,D011,EUR,TAN,3384784814,5624388801,DE,964345440,DE,5624388801,DE,5624388801,DE
0002365986/10,SG250,SP1601,PT03,DDP,S1600,DC10,NL80,EUR,TAN,8157702532,5686640432,BE,5012389097,BE,5686640432,BE,5686640432,BE
0002320255/30,SG301,SP0300,PT00,DDP,S0300,DC90,NL30,EUR,TAN,3671912480,9044453791,DE,9044453791,DE,9044453791,DE,9044453791,DE
0002408020/10,SG219,SP0700,PT32,DAP,S0700,DC10,PL10,EUR,TAN,398609731,4856602621,PL,4856602621,PL,4856602621,PL,4856602621,PL
0002306705/80,SG159,SP4200,PT03,DDP,S4200,DC10,DK20,EUR,TAN,490082252,1880154886,SE,9573077422,SE,1880154886,SE,1880154886,SE
0002031058/10,SG767,SP2000,PT03,DDP,S2000,DC10,PL20,EUR,TAN,3011326249,9917254824,DE,6510738550,DE,9563271302,DE,9563271302,DE
0002212662/60,SG705,SP0001,PT32,FCA,S0010,DC10,D011,EUR,TAN,1984887194,4742731422,TR,4742731422,TR,4742731422,TR,4742731422,TR
0002107093/30,SG205,SP0001,PT03,DDP,S0010,DC10,D011,EUR,TAN,1114733171,6804773260,DE,6804773260,DE,6804773260,DE,6804773260,DE
0002170569/20,SG341,SP4200,PTF7,FCA,S4200,DC10,DK20,DKK,TAN,8145820344,8216533608,DK,451092358,DK,8216533608,DK,8216533608,DK
0002026189/40,SG323,SP0001,PT32,CIP,S0010,DC10,D011,USD,TAP,5574248139,3356660324,IE,2065459326,DE,744697549,IE,744697549,IE
0002055343/30,SG302,SP0300,PT26,DDP,S0300,DC90,NL30,EUR,TAN,6292640870,6068185269,DE,459209794,DE,2555965934,DE,2555965934,DE
0002079621/150,SG205,SP0001,PT00,DDP,S0010,DC10,D011,EUR,TAN,2374758088,3714469816,DE,4069201569,DE,3714469816,DE,3714469816,DE
0002081562/10,SG322,SP0001,PT128,DDP,S0010,DC10,D011,EUR,TAN,8964788446,2861235243,DE,1001205270,DE,2861235243,DE,2861235243,DE
0002110812/120,SG341,SP4200,PT03,DDP,S4200,DC10,DK20,SEK,TAN,838481089,8686364201,SE,7521123098,SE,8686364201,SE,8686364201,SE
0002204375/10,SG205,SP1300,PT03,DDP,S1300,DC10,D015,EUR,TAN,1483178479,3038212124,DE,3038212124,DE,3038212124,DE,3038212124,DE
0002452368/50,SGAG,SP0001,PTF7,CIP,S0010,DC10,D011,GBP,TAN,8598631377,9944712811,GB,3859164832,GB,9944712811,GB,9944712811,GB
0002048539/60,SG269,SP0001,PT96,DDP,S0010,DC10,D011,EUR,TAN,1072542483,5312485208,LT,5894670764,LT,8778783376,LT,8778783376,LT
0002103004/20,SG209,SP0300,PT207,DDP,S0300,DC10,NL30,EUR,TAN,5271370871,1524174308,DE,1524174308,DE,1524174308,DE,1524174308,DE
0002291245/30,SG301,SP0300,PT75,CIP,S0300,DC90,NL30,EUR,TAN,6204482923,9291139766,DE,6197242304,DE,9291139766,DE,9291139766,DE
0002410356/10,SG130,SP0300,PT70,FCA,S0300,DC10,NL30,EUR,TAN,3592541357,9339024510,FR,2700485523,CZ,9339024510,FR,9339024510,FR
0002248274/30,SG588,SP0001,PT01,DDP,S0010,DC10,D011,EUR,TAN,1208816420,5001439484,DE,5001439484,DE,5001439484,DE,5001439484,DE
0002089755/10,SG464,SP0001,PT95,DDP,S0010,DC10,D011,EUR,TAN,7538395972,5770203911,AT,5770203911,AT,5770203911,AT,5770203911,AT
0002114442/30,SG210,SP0001,PT202,DDP,S0010,DC10,D011,EUR,TAN,3739069988,2007349547,DE,2007349547,DE,2007349547,DE,2007349547,DE
0002186533/40,SG427,SP0001,PT96,DAP,S0010,DC10,D011,EUR,ZTCH,16438161,5696269078,RS,5696269078,RS,4832963765,CH,4832963765,CH
0002418814/20,SG480,SP0301,PT32,CFR,S0300,DC60,NL30,USD,TAS,6699663183,1565561690,ES,1565561690,ES,1565561690,ES,1565561690,ES
0002223797/10,SG269,SP0001,PT42,DDP,S0010,DC10,D011,EUR,TAN,6428835279,2628600286,FI,2628600286,FI,2628600286,FI,2628600286,FI
0002399474/20,SG480,SP1250,PT33,CFR,S1250,DC10,TR10,EUR,ZTCH,5685522534,8610831516,ES,8610831516,ES,8610831516,ES,8610831516,ES
0002052337/10,SG219,SP0700,PT32,DAP,S0700,DC10,PL10,PLN,TAN,3038957328,9427687889,PL,9427687889,PL,9427687889,PL,9427687889,PL
0002318839/10,SGAG,SP0001,PT70,DDP,S0010,DC10,D011,EUR,TAN,4359262261,6133751789,GB,6720206890,GB,8224288845,GB,6133751789,GB
0002103758/10,SG419,SP2000,PT42,DDP,S2000,DC10,PL20,EUR,TAN,7645020326,6638797984,DE,6638797984,DE,6638797984,DE,6638797984,DE
0002132138/30,SG419,SP0300,PT03,DDP,S0300,DC10,NL30,EUR,TAN,5575852331,4519649750,DE,4519649750,DE,4519649750,DE,4519649750,DE
0002337792/163,SG323,SP0001,PT32,CIP,S0010,DC10,D011,USD,TAN,7653363071,3356660324,IE,5986044775,DE,744697549,IE,744697549,IE
0002247639/50,SG436,SP0001,PT26,DDP,S0010,DC10,D011,EUR,ZTCH,9542901264,35119815,DE,35119815,DE,35119815,DE,35119815,DE
0002293331/30,SG301,SP0300,PT03,DDP,S0300,DC10,NL30,EUR,TAN,8605193091,5429586126,DE,5429586126,DE,5429586126,DE,5429586126,DE
0002267083/40,SG130,SP0300,PT70,FCA,S0300,DC10,NL30,EUR,TAN,2040368069,9339024510,FR,9339024510,FR,9339024510,FR,9339024510,FR
0002261388/20,SG302,SP0001,PT26,DDP,S0010,DC10,D011,EUR,TAN,8729512660,447415111,DE,447415111,DE,447415111,DE,447415111,DE
0002109419/10,SG252,SP0001,PTF7,DDP,S0010,DC10,D011,EUR,TAN,1142787982,7678662049,BE,7678662049,BE,7678662049,BE,7678662049,BE
0002286380/10,SG250,SP2000,PT03,DDP,S2000,DC10,PL20,EUR,TAN,6577707469,6076013455,NL,6076013455,NL,6076013455,NL,6076013455,NL
0002179399/10,SG789,SP0001,PT32,FCA,S0010,DC10,D011,EUR,TAN,7427004884,851548071,PL,851548071,PL,851548071,PL,851548071,PL
0002315837/10,SG759,SP0301,PT32,DDP,S0300,DC10,NL30,USD,TAN,8039578445,2543536280,FR,5400063214,FR,2543536280,FR,2543536280,FR
0002207098/140,SG341,SP4200,PTF7,FCA,S4200,DC10,DK20,DKK,TAN,7174750372,8216533608,DK,451092358,DK,8216533608,DK,8216533608,DK
0002128797/10,SG789,SP1300,PT32,FCA,S1300,DC10,D015,EUR,TAN,9452265630,851548071,PL,6297747236,PL,851548071,PL,851548071,PL
0002097616/20,SG219,SP0700,PT32,DAP,S0700,DC10,PL10,PLN,TAN,5140665764,9427687889,PL,9427687889,PL,9427687889,PL,9427687889,PL
0002165968/30,SG577,SP0001,PT33,CIF,S0010,DC10,D011,GBP,TAN,4179971159,659139242,GB,1007843942,GB,659139242,GB,659139242,GB
0002334633/10,SG991,SP0001,PT250,DDP,S0010,DC10,D011,EUR,TAN,8983462655,7101735006,DE,7182493830,DE,7182493830,DE,7182493830,DE
0002102335/121,SG323,SP0001,PT32,CIP,S0010,DC10,D011,USD,TAN,8745009245,3356660324,IE,9011248866,DE,744697549,IE,744697549,IE
0002305444/170,SG159,SP4200,PTF7,FCA,S4200,DC10,DK20,DKK,TAN,8145820344,8216533608,DK,451092358,DK,8216533608,DK,8216533608,DK
0001991493/10,SGAG,SP0001,PT70,DDP,S0010,DC10,D011,EUR,TAN,4154244161,6133751789,GB,6720206890,GB,3606421961,NL,3606421961,NL
0002281684/10,SG344,SP0700,PT03,DAP,S0700,DC10,PL10,PLN,TAN,4188791561,1710576824,PL,9776410018,PL,1710576824,PL,1710576824,PL
0002042928/10,SG828,SP0001,PT32,DAP,S0010,DC10,D011,USD,TAN,618321938,348726596,US,348726596,US,348726596,US,348726596,US
0002331940/10,SG705,SP0001,PT32,FCA,S0010,DC10,D011,EUR,TAN,5373125820,4742731422,TR,4742731422,TR,4742731422,TR,4742731422,TR
0002192647/63,SG323,SP0001,PT32,DDP,S0010,DC10,D011,USD,TAN,86891383,3356660324,IE,338389029,DE,744697549,IE,744697549,IE
0002240528/40,SG237,SP4200,PT32,CPT,S4200,DC10,DK20,EUR,TAN,7109469249,3185141286,DE,8725904350,DE,3185141286,DE,3185141286,DE
0002327009/10,SG419,SP0001,PT42,DDP,S0010,DC10,D011,EUR,TAN,9695547737,9856149772,DE,9856149772,DE,9856149772,DE,9856149772,DE
0002383868/20,SG828,SP2070,PT33,FCA,S2000,DC10,PL20,USD,TAN,7086414045,1531223687,US,2057520331,US,1531223687,US,1531223687,US
0002362921/92,SG323,SP0001,PT32,DAP,S0010,DC10,D011,USD,TAN,4198534796,3356660324,IE,5975022201,DE,744697549,IE,744697549,IE
0002237581/200,SG159,SP4200,PT03,DDP,S4200,DC10,DK20,SEK,TAN,3765111125,8686364201,SE,7521123098,SE,8686364201,SE,8686364201,SE
0002122933/10,SG480,SP2000,PT32,DDP,S2000,DC10,PL20,EUR,TAN,3012475692,8610831516,ES,9200560019,NL,8610831516,ES,8610831516,ES
0002195215/200,SG206,SP4200,PT03,DDP,S4200,DC10,DK20,EUR,TAN,8662227970,9621870585,IE,9621870585,IE,9621870585,IE,9621870585,IE
0002004836/10,SG344,SP0700,PT33,DAP,S0700,DC10,PL10,EUR,TAN,5413650681,4197928577,PL,4197928577,PL,4197928577,PL,4197928577,PL
0002298431/10,SG421,SP0001,PTD1,DDP,S0010,DC10,D011,EUR,TAN,8372033399,5506299787,DE,615476128,DE,5506299787,DE,5506299787,DE
0002321732/20,SG420,SP0001,PTB9,DDP,S0010,DC10,D011,EUR,ZTCH,9985164695,510256366,DE,7638248229,DE,510256366,DE,510256366,DE
0002456051/60,SG420,SP0001,PTB9,DDP,S0010,DC10,D011,EUR,ZTCH,8997762603,510256366,DE,7638248229,DE,510256366,DE,510256366,DE
0002111318/10,SG205,SP0001,PT02,DDP,S0010,DC10,D011,EUR,TAN,4559003329,448926994,DE,448926994,DE,448926994,DE,448926994,DE
0002117489/50,SG759,SP0001,PT32,DDP,S0010,DC10,D011,EUR,TAN,6649475951,9058393281,FR,9058393281,FR,9058393281,FR,9058393281,FR
0002363620/20,SG486,SP0700,PT33,DAP,S0700,DC10,PL10,EUR,TAN,8561878927,4197928577,PL,4197928577,PL,4197928577,PL,4197928577,PL
0002137010/20,SG219,SP0300,PT32,FCA,S0300,DC10,NL30,USD,TAP,7834852573,3775792943,PL,3775792943,PL,3775792943,PL,3775792943,PL
0002064893/30,SGRJ,SP0001,PT32,DDP,S0010,DC10,D011,EUR,TAN,1114636059,360370169,GB,360370169,GB,360370169,GB,360370169,GB
0002425349/20,SG421,SP0001,PTD1,DDP,S0010,DC10,D011,EUR,ZTCH,3638941542,5506299787,DE,615476128,DE,5506299787,DE,5506299787,DE
0002171046/20,SG219,SP0700,PT32,FCA,S0700,DC10,PL10,PLN,TAN,6619643608,1435288964,PL,1435288964,PL,1435288964,PL,1435288964,PL
0002275162/10,SG486,SP0700,PT32,DDP,S0700,DC10,PL10,EUR,TAN,1168464635,3466849931,PL,2381827745,PL,3466849931,PL,3466849931,PL
0002076013/10,SG219,SP0700,PT42,DAP,S0700,DC10,PL10,EUR,TAN,7886274639,4856602621,PL,4856602621,PL,4856602621,PL,4856602621,PL
0002240800/100,SG212,SP3200,PT33,FCA,S3200,DC10,PL30,USD,TAN,8126090135,1531223687,US,3423383959,US,1531223687,US,1531223687,US
0002106333/20,SG219,SP0700,PT32,DAP,S0700,DC10,PL10,EUR,TAN,8769514909,3775792943,PL,2071576259,PL,3775792943,PL,3775792943,PL
0002368594/50,SGH10,SP0001,PT32,FCA,S0010,DC10,D011,EUR,TAN,9850024299,8277524028,HU,8277524028,HU,8277524028,HU,8277524028,HU
0002337033/40,SG577,SP0400,PT95,DAP,S0400,DC10,UK10,GBP,TAN,1268417485,6120609152,GB,3272487965,GB,6120609152,GB,6120609152,GB
0002041276/10,SG266,SP0001,PT33,FCA,S0010,DC10,D011,EUR,TAN,8066719033,3143909879,IE,5208107533,IE,3143909879,IE,3143909879,IE
0002434506/10,SG421,SP0001,PTE5,DDP,S0010,DC10,D011,EUR,TAN,9099235025,5519373593,DE,5519373593,DE,9816893266,DE,9816893266,DE
0002313025/40,SG419,SP0001,PT01,DDP,S0010,DC10,D011,EUR,ZTCH,8771621394,4081585965,DE,4081585965,DE,4081585965,DE,4081585965,DE
0002328633/40,SG789,SP1300,PT32,DDP,S1300,DC10,D015,EUR,ZTCH,5786344717,851548071,PL,3246637209,PL,851548071,PL,851548071,PL
0002321789/10,SG502,SP0700,PT32,DAP,S0700,DC10,PL10,PLN,TAN,5696090667,7310045933,PL,970308236,PL,7310045933,PL,7310045933,PL
0002332947/10,SG419,SP0001,PT238,DDP,S0010,DC10,D011,EUR,TAN,4075601252,6003661923,DE,3084763466,DE,6003661923,DE,6003661923,DE
0002050740/10,SG789,SP0001,PT32,FCA,S0010,DC10,D011,EUR,TAN,9351127149,851548071,PL,851548071,PL,851548071,PL,851548071,PL
0002101685/20,SG427,SP0001,PT32,FCA,S0010,DC10,D011,EUR,ZTCH,4924705402,3014747865,RS,3014747865,RS,3014747865,RS,3014747865,RS
0002044616/50,SG427,SP0001,PT96,DAP,S0010,DC10,D011,EUR,TAN,3307390536,5696269078,RS,5696269078,RS,4832963765,CH,4832963765,CH
0002249103/40,SG706,SP0001,PT32,FCA,S0010,DC10,D011,EUR,TAX,1514976637,6072148412,DK,6072148412,DK,6072148412,DK,6072148412,DK
0002333082/20,SG130,SP0300,PT70,FCA,S0300,DC60,NL30,EUR,TAN,7693765378,9339024510,FR,213295739,RE,9339024510,FR,9339024510,FR
0002421546/10,SG828,SP4600,PT03,FCA,S4600,DC10,US30,USD,TAN,3866419031,889710030,US,889710030,US,889710030,US,889710030,US
0002186800/20,SG487,SP0001,PT42,DDP,S0010,DC10,D011,GBP,TAN,3375111553,3020869730,GB,3020869730,GB,3020869730,GB,3020869730,GB
0002366975/10,SG548,SP2000,PT33,FCA,S2000,DC10,PL20,EUR,TAN,6469620306,9987472792,GB,825367724,GB,31412347,NL,31412347,NL
0002394537/10,SG502,SP0700,PT70,DAP,S0700,DC10,PL10,EUR,TAN,4640210185,212677443,PL,212677443,PL,212677443,PL,212677443,PL
0002084224/10,SG303,SP5900,PT33,DAP,S5900,DC10,D060,EUR,TAN,9072833805,4447128549,DE,6034419021,DE,4447128549,DE,4447128549,DE
0002013620/10,SG303,SP0300,PT32,DDP,S0300,DC10,NL30,USD,TAN,1461114184,8197936759,DE,2694797551,DE,8197936759,DE,8197936759,DE
0002307018/10,SG219,SP0700,PT32,DAP,S0700,DC10,PL10,EUR,TAN,4358399439,4856602621,PL,4856602621,PL,4856602621,PL,4856602621,PL
0002084734/10,SG205,SP0001,PT27,DDP,S0010,DC10,D011,EUR,TAN,3600056671,8260388427,DE,8260388427,DE,8260388427,DE,8260388427,DE
0002043475/20,SG302,SP0300,PT26,DDP,S0300,DC10,NL30,EUR,TAN,6708865887,6068185269,DE,7603474786,DE,2555965934,DE,2555965934,DE
0002002920/40,SG266,SP0300,PT33,FCA,S0300,DC10,NL30,EUR,ZTCH,9053158620,6878245861,GR,2822742131,GR,7784701589,AT,7784701589,AT
0002244515/51,SG323,SP0001,PT32,DDP,S0010,DC10,D011,USD,TAN,221408075,3356660324,IE,9918308259,DE,744697549,IE,744697549,IE
0002064242/60,SG487,SP0400,PT95,CIP,S0400,DC10,UK10,GBP,TAN,5587247065,9481463302,GB,1336069523,GB,5529038695,GB,9481463302,GB
0002167983/10,SG302,SP0300,PT26,DDP,S0300,DC90,NL30,EUR,TAN,6797130665,6068185269,DE,459209794,DE,2555965934,DE,2555965934,DE
0002113341/20,SG487,SP0001,PTES90,DDP,S0010,DC10,D011,GBP,ZTCH,5243650182,1111588979,GB,1111588979,GB,1111588979,GB,1111588979,GB
0002381185/10,SG705,SP1800,PT32,EXW,S1800,DC10,TR20,TRY,TAN,8776215076,2955341516,TR,2955341516,TR,2955341516,TR,2955341516,TR
0002280718/10,SG301,SP4200,PT01,DDP,S4200,DC10,DK20,EUR,TAN,8472472444,1821794068,DE,5889417347,DE,1821794068,DE,1821794068,DE
0001988622/20,SG328,SP0001,PT591,DDP,S0010,DC10,D011,EUR,TAN,9144697007,3834268042,DE,3834268042,DE,5229307829,DE,3834268042,DE
0002181486/10,SG323,SP0001,PT32,FCA,S0010,DC10,D011,USD,TAN,5079829547,1223020718,IE,5805388760,DK,744697549,IE,744697549,IE
0002033291/60,SG302,SP0001,PT32,DDP,S0010,DC10,D011,EUR,TAN,1750809448,5604200441,DE,3423242859,DE,5604200441,DE,5604200441,DE
0002160987/130,SG421,SP0001,PT200,DDP,S0010,DC10,D011,EUR,TAN,4069216876,387007695,DE,9723312517,DE,9723312517,DE,9723312517,DE
0002183319/10,SG210,SP0001,PTB9,DDP,S0010,DC10,D011,EUR,TAN,4006002548,8982239079,DE,8982239079,DE,2982543313,DE,2982543313,DE
0002099573/10,SG767,SP2000,PT03,DDP,S2000,DC10,PL20,EUR,TAN,8315330874,9917254824,DE,9563271302,DE,9563271302,DE,9563271302,DE
0002187825/10,SG301,SP0001,PT33,DDP,S0010,DC10,D011,EUR,TAN,237161940,8383348969,DE,8383348969,DE,8383348969,DE,8383348969,DE
0002048837/10,SG487,SP1300,PT95,DDP,S1300,DC10,D015,EUR,TAN,1893155622,9481463302,GB,9481463302,GB,5529038695,GB,9481463302,GB
0002159739/30,SG388,SP0001,PT202,DDP,S0010,DC10,D011,EUR,TAN,2461481777,6731174602,DE,6731174602,DE,6731174602,DE,6731174602,DE
0002194061/10,SG301,SP0300,PT26,DDP,S0300,DC90,NL30,EUR,TAN,8265534915,6667163616,DE,6667163616,DE,4753725613,DE,4753725613,DE
0002278833/40,SG991,SP0001,PT128,DDP,S0010,DC10,D011,EUR,ZTCH,9825145686,2861235243,DE,8982239079,DE,2861235243,DE,2861235243,DE
0002053586/30,SG344,SP0700,PT33,DAP,S0700,DC10,PL10,EUR,TAN,8281457103,635429272,PL,635429272,PL,635429272,PL,635429272,PL
0002137466/10,SG801,SP1601,PT33,DDP,S1600,DC10,NL80,EUR,TAN,7606898317,7203485562,CZ,7203485562,CZ,7203485562,CZ,7203485562,CZ
0002187061/52,SG323,SP0001,PT32,DAP,S0010,DC10,D011,USD,TAN,4198534796,3356660324,IE,5915880634,DE,744697549,IE,744697549,IE
0001998061/60,SGRJ,SP0001,PT32,DDP,S0010,DC10,D011,EUR,ZTCH,99397123,360370169,GB,360370169,GB,360370169,GB,360370169,GB
0002014737/20,SGH10,SP0001,PT32,FCA,S0010,DC10,D011,EUR,TAN,8878531160,8277524028,HU,8277524028,HU,8277524028,HU,8277524028,HU
0002378231/10,SG548,SP0300,PT33,DDP,S0300,DC10,NL30,EUR,TAN,8950404537,1095225145,DE,3043611529,DE,9657134080,DE,9657134080,DE
0002119030/70,SG436,SP0001,PT03,DDP,S0010,DC10,D011,EUR,ZTCH,381890430,3078518136,DE,8708984665,DE,9946326346,DE,9946326346,DE
0002193191/10,SG219,SP0700,PT33,DAP,S0700,DC10,PL10,EUR,TAN,6268895906,468246121,PL,468246121,PL,468246121,PL,468246121,PL
0002222877/10,SG419,SP0001,PT42,DDP,S0010,DC10,D011,EUR,TAN,1655403204,4525234065,DE,2376739802,DE,4525234065,DE,4525234065,DE
0002074644/20,SG250,SP0001,PT03,DDP,S0010,DC10,D011,EUR,TAN,9519862542,5686640432,BE,2852504427,BE,5686640432,BE,5686640432,BE
0002114580/20,SG419,SP0001,PT42,DDP,S0010,DC10,D011,EUR,ZTCH,8633683930,9856149772,DE,9856149772,DE,414947059,DE,414947059,DE
0002383625/20,SG789,SP0001,PT32,FCA,S0010,DC10,D011,EUR,TAN,4011743244,851548071,PL,851548071,PL,851548071,PL,851548071,PL
0002365943/10,SG250,SP0001,PT03,DDP,S0010,DC10,D011,EUR,TAN,7506971962,7834456259,NL,8292888822,NL,7834456259,NL,7834456259,NL
0002184294/10,SG588,SP0001,PT01,DDP,S0010,DC10,D011,EUR,TAN,1459651674,8675863169,DE,8675863169,DE,8675863169,DE,8675863169,DE
0002346811/30,SG205,SP0001,PTC1,DDP,S0010,DC10,D011,EUR,TAN,5997161404,82206972,DE,82206972,DE,82206972,DE,82206972,DE
0002048543/50,SG205,SP0001,PT27,DDP,S0010,DC10,D011,EUR,TAN,7419529725,8682177386,DE,8682177386,DE,8682177386,DE,8682177386,DE
0001995175/10,SG266,SP0300,PT32,FCA,S0300,DC10,NL30,EUR,TAN,2738535330,9339024510,FR,8084695684,IS,9339024510,FR,9339024510,FR
0002341557/20,SG789,SP1300,PT32,FCA,S1300,DC10,D015,EUR,ZTCH,7257855390,851548071,PL,6297747236,PL,851548071,PL,851548071,PL
0002270120/10,SG344,SP0700,PT33,DDP,S0700,DC10,PL10,EUR,TAN,6554926773,9446170538,PL,9446170538,PL,9446170538,PL,9446170538,PL
0002098041/10,SG487,SP0400,PT95,CIP,S0400,DC10,UK10,GBP,TAN,6664082811,9481463302,GB,8788505162,GB,5529038695,GB,9481463302,GB
0002180851/10,SG421,SP0001,PT01,DDP,S0010,DC10,D011,EUR,TAN,9833727885,9585907062,DE,478113889,DE,9585907062,DE,9585907062,DE
0002048543/90,SG205,SP0001,PT27,DDP,S0010,DC10,D011,EUR,TAN,7401037563,8682177386,DE,8682177386,DE,8682177386,DE,8682177386,DE
0002057790/10,SG205,SP0001,PTB9,DDP,S0010,DC10,D011,EUR,TAN,482967553,6102138700,DE,6102138700,DE,2982543313,DE,2982543313,DE
0002164955/20,SG205,SP0001,PT02,DDP,S0010,DC10,D011,EUR,TAN,8557750964,448926994,DE,448926994,DE,448926994,DE,448926994,DE
0002174088/20,SG341,SP4200,PT32,DDP,S4200,DC10,DK20,EUR,TAN,997776643,4578244322,FI,5802523030,FI,4578244322,FI,4578244322,FI
0002365001/10,SG344,SP0700,PT32,DAP,S0700,DC10,PL10,PLN,TAN,2286755192,4312315972,PL,5913474856,PL,4312315972,PL,4312315972,PL
0002229378/10,SG577,SP2000,PT32,FCA,S2000,DC10,PL20,EUR,TAN,6469620306,659139242,GB,3859164832,GB,31412347,NL,31412347,NL
0002198184/10,SGAG,SP0001,PTF7,FCA,S0010,DC10,D011,GBP,TAN,7120969529,9944712811,GB,8240219033,GB,9944712811,GB,9944712811,GB
0002389749/10,SG789,SP0001,PT32,FCA,S0010,DC10,D011,EUR,TAN,4420232292,851548071,PL,851548071,PL,851548071,PL,851548071,PL
0002048919/30,SG210,SP0001,PT112,DDP,S0010,DC10,D011,EUR,TAN,8978063522,6790674167,DE,5900921934,DE,6790674167,DE,6790674167,DE
0002040112/20,SG464,SP0001,PT25,CIP,S0010,DC10,D011,EUR,TAN,8336163242,77330440,AT,77330440,AT,77330440,AT,77330440,AT
0002280225/20,SG419,SP0001,PT106,DDP,S0010,DC10,D011,EUR,TAN,927929765,3197732197,DE,3197732197,DE,2630271418,DE,3197732197,DE
0002223635/30,SG301,SP4200,PT01,DDP,S4200,DC10,DK20,EUR,TAN,5907048211,1821794068,DE,5889417347,DE,1821794068,DE,1821794068,DE
0002342911/60,SG132,SP0001,PT27,DDP,S0010,DC10,D011,EUR,TAN,2541489147,8682177386,DE,8682177386,DE,8682177386,DE,8682177386,DE
0002051079/10,SG789,SP0001,PT32,FCA,S0010,DC10,D011,EUR,TAN,6063307859,851548071,PL,851548071,PL,851548071,PL,851548071,PL
0002050246/50,SG250,SP0001,PT33,DDP,S0010,DC10,D011,EUR,TAN,7928976004,6373368920,BE,6373368920,BE,9198940849,NL,9198940849,NL
0002268296/80,SG421,SP0001,PTD1,DDP,S0010,DC10,D011,EUR,ZTCH,710251518,5506299787,DE,525570119,DE,5506299787,DE,5506299787,DE
0002006143/170,SG206,SP4200,PT32,DDP,S4200,DC10,DK20,GBP,TAN,7966203396,8146909609,GB,4209629923,GB,8146909609,GB,8146909609,GB
0002184918/60,SG487,SP0400,PT95,CIP,S0400,DC10,UK10,GBP,TAN,6523360434,9481463302,GB,1336069523,GB,5529038695,GB,9481463302,GB
0002336383/40,SG577,SP4200,PT95,DDP,S4200,DC10,DK20,GBP,TAN,6854730412,6120609152,GB,3018155479,GB,6120609152,GB,6120609152,GB
0002098836/10,SG486,SP0700,PT32,DDP,S0700,DC10,PL10,EUR,TAN,6993413442,3466849931,PL,2381827745,PL,3466849931,PL,3466849931,PL
0002019462/50,SG301,SP0001,PT33,DDP,S0010,DC10,D011,EUR,TAN,2161121424,8383348969,DE,8383348969,DE,8383348969,DE,8383348969,DE
0002059984/40,SG269,SP5900,PT03,FCA,S5900,DC10,D060,EUR,TAN,1030159945,5867445740,LT,5867445740,LT,5867445740,LT,5867445740,LT
0002396317/10,SG344,SP0700,PT03,DAP,S0700,DC10,PL10,PLN,TAN,9054572159,2191968711,PL,2191968711,PL,2191968711,PL,2191968711,PL
0002218985/50,SG206,SP4200,PT95,DDP,S4200,DC10,DK20,GBP,TAN,8772060131,6120609152,GB,3018155479,GB,6120609152,GB,6120609152,GB
0002132658/60,SGRJ,SPGULD,PT32,FCA,S0010,DC10,D011,EUR,TAN,6544261410,7396283290,GB,6308102134,PT,7396283290,GB,7396283290,GB
0002275851/10,SG436,SP0001,PT03,CIP,S0010,DC10,D011,EUR,TAN,381890430,2828116211,DE,5139523188,DE,9946326346,DE,9946326346,DE
0002229508/20,SG132,SP1300,PT00,DDP,S1300,DC10,D015,EUR,ZTCH,557144321,4546317404,DE,4546317404,DE,4546317404,DE,4546317404,DE
0002403998/10,SG480,SP0301,PT32,CFR,S0300,DC60,NL30,USD,TAS,7175385054,1565561690,ES,1565561690,ES,1565561690,ES,1565561690,ES
0002390484/10,SG301,SP0300,PT75,CIP,S0300,DC90,NL30,EUR,TAN,1709836064,9291139766,DE,6197242304,DE,9291139766,DE,9291139766,DE
0002088123/10,SG706,SP2200,PT32,DDP,S2200,DC10,D300,EUR,TAN,6099751871,9920968985,DK,4425684716,DK,9920968985,DK,9920968985,DK
0002321604/10,SG250,SP1601,PT33,DDP,S1600,DC10,NL80,EUR,TAN,4903893514,2241477097,NL,9895991552,NL,9198940849,NL,9198940849,NL
0002080317/60,SGRJ,SP0001,PT32,DDP,S0010,DC10,D011,EUR,ZTCH,557817484,360370169,GB,360370169,GB,360370169,GB,360370169,GB
0002264538/10,SG206,SP5900,PT03,DAP,S5900,DC10,D060,EUR,TAN,1030159945,9330449351,GB,9330449351,GB,9330449351,GB,9330449351,GB
0002314408/20,SG421,SP0001,PTD1,DDP,S0010,DC10,D011,EUR,ZTCH,9935009846,5506299787,DE,4273927472,DE,5506299787,DE,5506299787,DE
0002106098/30,SG421,SP0001,PT01,DDP,S0010,DC10,D011,EUR,TAN,3127510361,6438400182,DE,6438400182,DE,6438400182,DE,6438400182,DE
0002240018/60,SG132,SP0001,PT03,DDP,S0010,DC10,D011,EUR,TAN,4628692210,3035207221,DE,3035207221,DE,3035207221,DE,3035207221,DE
0002222804/40,SG577,SP2000,PT32,FCA,S2000,DC10,PL20,EUR,TAN,6469620306,9987472792,GB,825367724,GB,31412347,NL,31412347,NL
0002054894/90,SG341,SP4200,PT32,DDP,S4200,DC10,DK20,EUR,TAN,4135962727,4578244322,FI,3111843354,FI,4578244322,FI,4578244322,FI
0002330947/10,SG219,SP0700,PT33,DAP,S0700,DC10,PL10,EUR,TAN,4679442980,3711491883,PL,7051430325,PL,3711491883,PL,3711491883,PL
0002324553/20,SG789,SP0001,PT32,FCA,S0010,DC10,D011,EUR,TAN,6319660933,851548071,PL,2381827745,PL,851548071,PL,851548071,PL
0002051134/20,SG205,SP0001,PTB9,DDP,S0010,DC10,D011,EUR,ZTCH,1328792608,6102138700,DE,6102138700,DE,2982543313,DE,2982543313,DE
0001989229/30,SG250,SP0001,PT03,DDP,S0010,DC10,D011,EUR,TAN,7179288694,7834456259,NL,8292888822,NL,7834456259,NL,7834456259,NL
0002453851/10,SG219,SP2000,PT33,FCA,S2000,DC10,PL20,EUR,TAN,8321985383,3711491883,PL,5104619789,PL,3711491883,PL,3711491883,PL
0002379100/10,SG487,SP0001,PT33,DDP,S0010,DC10,D011,GBP,TAN,5776429185,1111588979,GB,1111588979,GB,1111588979,GB,1111588979,GB
0002336584/30,SG419,SP0001,PTD1,DDP,S0010,DC10,D011,EUR,TAN,9403028237,3372081113,DE,6640314471,DE,3372081113,DE,3372081113,DE
0002413483/10,SG420,SP0001,PTC7,DDP,S0010,DC10,D011,EUR,TAN,5533035334,9752694720,DE,9752694720,DE,9752694720,DE,9752694720,DE
0002407538/50,SG705,SP0001,PT32,FCA,S0010,DC10,D011,EUR,TAN,2777401030,4742731422,TR,4742731422,TR,4742731422,TR,4742731422,TR
0002351978/20,SG322,SP0300,PT205,DDP,S0300,DC10,NL30,EUR,ZTCH,4927778896,3617078005,DE,3617078005,DE,3617078005,DE,3617078005,DE
0002427418/10,SGAG,SP0001,PTF7,DDP,S0010,DC10,D011,GBP,TAN,7668235044,9944712811,GB,6023714479,GB,9944712811,GB,9944712811,GB
0002030207/60,SG548,SP0001,PTD1,DDP,S0010,DC10,D011,EUR,ZTCH,9114633921,5506299787,DE,5506299787,DE,5506299787,DE,5506299787,DE
0002153192/60,SG419,SP0001,PT03,DDP,S0010,DC10,D011,EUR,ZTCH,3195245334,112171098,DE,112171098,DE,112171098,DE,112171098,DE
0002042584/30,SG252,SP1300,PT32,DDP,S1300,DC10,D015,EUR,TAN,1586578900,5379556688,NL,5379556688,NL,5379556688,NL,5379556688,NL
0002363526/90,SG991,SP0001,PT128,DDP,S0010,DC10,D011,EUR,TAN,7473014390,2861235243,DE,6439039135,DE,2861235243,DE,2861235243,DE
0002229571/10,SG421,SP0001,PTE5,CIP,S0010,DC10,D011,EUR,TAN,5602673057,4578956161,DE,4923868544,DE,9816893266,DE,9816893266,DE
0002106443/80,SG421,SP0001,PT26,DDP,S0010,DC10,D011,EUR,TAN,3127510361,37884309,DE,9576385180,DE,37884309,DE,37884309,DE
0002269013/32,SG323,SP0001,PT32,DAP,S0010,DC10,D011,USD,TAN,4683673634,3356660324,IE,3632479880,DE,744697549,IE,744697549,IE
0002198972/30,SG206,SP4200,PT03,DDP,S4200,DC10,DK20,EUR,TAN,4543989138,9621870585,IE,9621870585,IE,9621870585,IE,9621870585,IE
0002220523/20,SG132,SP0001,PTC6,DDP,S0010,DC10,D011,EUR,TAN,168406798,9927335532,DE,3288161076,DE,9927335532,DE,9927335532,DE
0002082421/50,SG420,SP0001,PTB9,DDP,S0010,DC10,D011,EUR,TAN,9985164695,510256366,DE,7638248229,DE,510256366,DE,510256366,DE
0002191606/20,SG205,SP0001,PT27,DDP,S0010,DC10,D011,EUR,TAN,1340294590,4546317404,DE,4546317404,DE,4546317404,DE,4546317404,DE
0002183728/10,SG341,SP4200,PT32,DDP,S4200,DC10,DK20,DKK,TAN,6432139559,8738262657,DK,8738262657,DK,1417658093,DK,1417658093,DK
0002287228/20,SG796,SP0001,PT03,DDP,S0010,DC10,D011,EUR,TAN,3246115322,8510603058,PL,266355452,PL,8510603058,PL,8510603058,PL
0002283592/30,SG421,SP0001,PTD1,DDP,S0010,DC10,D011,EUR,TAN,50635867,5506299787,DE,615476128,DE,5506299787,DE,5506299787,DE
0002314316/40,SG421,SP0001,PT200,DDP,S0010,DC10,D011,EUR,ZTCH,3638941542,387007695,DE,9723312517,DE,9723312517,DE,9723312517,DE
0002211857/10,SG266,SP0300,PT70,FCA,S0300,DC10,NL30,EUR,TAN,584588563,9339024510,FR,2913511912,NL,9339024510,FR,9339024510,FR
0002128921/10,SG548,SP0001,PT33,DDP,S0010,DC10,D011,EUR,TAN,7419690930,7800747996,DE,7800747996,DE,9657134080,DE,9657134080,DE
0001994611/10,SG419,SP0001,PT42,DDP,S0010,DC10,D011,EUR,TAN,1716639498,4525234065,DE,2376739802,DE,7886872561,DE,4525234065,DE
0002346672/10,SG132,SP0001,PT27,DDP,S0010,DC10,D011,EUR,TAN,7088549532,2315882772,DE,2315882772,DE,2315882772,DE,2315882772,DE
0002268422/10,SG706,SP0001,PT03,DDP,S0010,DC10,D011,EUR,TAN,5140665764,6551477728,DK,6551477728,DK,6551477728,DK,6551477728,DK
0001988786/50,SG436,SP0001,PT03,DDP,S0010,DC10,D011,EUR,TAN,4315130546,7238327632,DE,2675051444,DE,7238327632,DE,7238327632,DE
0002254159/20,SG130,SP2000,PT32,DDP,S2000,DC10,PL20,EUR,ZTCH,6905520369,5842412165,NL,2421896693,NL,5842412165,NL,5842412165,NL
0002204427/40,SG487,SP0001,PT03,DDP,S0010,DC10,D011,GBP,TAN,9694735260,9918066795,GB,9918066795,GB,9918066795,GB,9918066795,GB
0002288922/10,SG759,SP0301,PT33,FCA,S0300,DC10,NL30,EUR,TAN,3008837751,3936819748,FR,3936819748,FR,3936819748,FR,3936819748,FR
0002113445/10,SG796,SP0700,PT42,DDP,S0700,DC10,PL10,PLN,TAN,8791144823,9139604434,PL,9139604434,PL,9139604434,PL,9139604434,PL
0002259285/10,SG159,SP4200,PT03,FOB,S4200,DC10,DK20,DKK,TAN,2154966534,1885838546,IS,1885838546,IS,1885838546,IS,1885838546,IS
0002197728/10,SG480,SP2000,PT32,CIP,S2000,DC10,PL20,EUR,TAN,8725692347,8610831516,ES,8610831516,ES,8610831516,ES,8610831516,ES
0002090005/50,SG419,SP0001,PT03,DDP,S0010,DC10,D011,EUR,TAN,4737279315,112171098,DE,112171098,DE,112171098,DE,112171098,DE
0002378097/12,SG323,SP0001,PT32,DAP,S0010,DC10,D011,USD,TAN,912229423,3356660324,IE,3632479880,DE,744697549,IE,744697549,IE
0002202003/20,SGR53,SP0001,PT32,FCA,S0010,DC10,D011,EUR,TAN,5132904227,2656773467,KZ,2656773467,KZ,2656773467,KZ,2656773467,KZ
0002240485/10,SG548,SP2000,PT33,FCA,S2000,DC10,PL20,EUR,TAN,8315330874,1095225145,DE,3043611529,DE,31412347,NL,31412347,NL
0002016311/10,SGAG,SP1300,PT32,DDP,S1300,DC10,D015,EUR,TAN,1458760621,1123155216,GB,1123155216,GB,1123155216,GB,1123155216,GB
0002004226/30,SG548,SP0001,PTD1,DDP,S0010,DC10,D011,EUR,TAN,847680708,9731914682,DE,9036678804,DE,9731914682,DE,9731914682,DE
0002207505/20,SG212,SP2070,PT33,FCA,S2000,DC10,PL20,USD,ZTCH,4892283792,1531223687,US,3789823390,US,1531223687,US,1531223687,US
0002176272/10,SG266,SP0300,PT70,FCA,S0300,DC10,NL30,EUR,TAN,584588563,9339024510,FR,2913511912,NL,9339024510,FR,9339024510,FR
0002019516/30,SG706,SP0001,PT32,FCA,S0010,DC10,D011,EUR,TAS,7851173278,6633136134,DK,6633136134,DK,6633136134,DK,6633136134,DK
0002436407/10,SG130,SP2000,PT32,EXW,S2000,DC10,PL20,EUR,TAN,6905520369,5842412165,NL,2421896693,NL,5842412165,NL,5842412165,NL
0002282497/10,SG789,SP0001,PT32,FCA,S0010,DC10,D011,EUR,TAN,1839694586,851548071,PL,851548071,PL,851548071,PL,851548071,PL
0002418478/30,SG328,SP0001,PT591,DDP,S0010,DC10,D011,EUR,TAN,7044231946,9023380781,DE,9023380781,DE,5229307829,DE,9023380781,DE
0002181247/10,SG420,SP0001,PTB9,DDP,S0010,DC10,D011,EUR,TAN,6239827276,510256366,DE,7638248229,DE,510256366,DE,510256366,DE
0002195293/10,SG419,SP2000,PT42,DDP,S2000,DC10,PL20,EUR,TAN,7645020326,4525234065,DE,2376739802,DE,4525234065,DE,4525234065,DE
0002260877/10,SG486,SP0700,PT33,DAP,S0700,DC10,PL10,EUR,TAN,9365970916,5830915004,PL,4660146882,PL,5830915004,PL,5830915004,PL
0002269185/10,SG328,SP0001,PT591,DDP,S0010,DC10,D011,EUR,TAN,842237308,3834268042,DE,3834268042,DE,5229307829,DE,3834268042,DE
0002399383/80,SGH10,SP0001,PT32,FCA,S0010,DC10,D011,EUR,TAN,86275301,8277524028,HU,8277524028,HU,8277524028,HU,8277524028,HU
0002253664/10,SG322,SP0001,PT128,DDP,S0010,DC10,D011,EUR,TAN,1144697335,8725561399,DE,8725561399,DE,8725561399,DE,8725561399,DE
0002193217/40,SG577,SP0001,PT33,DDP,S0010,DC10,D011,GBP,TAN,8886056653,659139242,GB,659139242,GB,659139242,GB,659139242,GB
0002023151/10,SG421,SP0001,PTE5,DDP,S0010,DC10,D011,EUR,TAN,6072385633,2848039560,DE,2848039560,DE,9816893266,DE,9816893266,DE
0002069645/10,SG266,SP0300,PT32,FCA,S0300,DC60,NL30,EUR,TAN,7669388773,9339024510,FR,3719389281,SA,9339024510,FR,9339024510,FR
0002160153/20,SG588,SP0001,PT100,DDP,S0010,DC10,D011,EUR,TAN,8604106512,4693977958,DE,4693977958,DE,4693977958,DE,4693977958,DE
0002011026/30,SG205,SP0001,PT03,DDP,S0010,DC10,D011,EUR,TAN,2129442824,3035207221,DE,3035207221,DE,3035207221,DE,3035207221,DE
0002239491/10,SG219,SP0001,PT32,DDP,S0010,DC10,D011,EUR,TAN,4080201252,9427687889,PL,9427687889,PL,9427687889,PL,9427687889,PL
0002320087/70,SG205,SP0001,PT00,DDP,S0010,DC10,D011,EUR,TAN,1881806650,3714469816,DE,4069201569,DE,3714469816,DE,3714469816,DE
0002205254/60,SG991,SP0001,PT128,DDP,S0010,DC10,D011,EUR,ZTCH,9825145686,2861235243,DE,6439039135,DE,2861235243,DE,2861235243,DE
0002324356/30,SG209,SP0001,PT112,DDP,S0010,DC10,D011,EUR,TAN,3811970198,8307972766,DE,8307972766,DE,8307972766,DE,8307972766,DE
0002412712/20,SG938,SP2000,PT95,DDP,S2000,DC10,PL20,EUR,TAN,5309051195,8361218272,BE,7441978558,IT,8361218272,BE,8361218272,BE
0002306560/20,SG130,SP2000,PT70,FCA,S2000,DC10,PL20,EUR,ZTCH,1008617681,9339024510,FR,5782730564,BE,9339024510,FR,9339024510,FR
0002295470/20,SG210,SP0001,PT32,DDP,S0010,DC10,D011,EUR,ZTCH,2229724875,9812203623,DE,9812203623,DE,9812203623,DE,9812203623,DE
0002176605/10,SG464,SP0001,PT03,CIP,S0010,DC10,D011,EUR,TAN,4819868046,6785629611,AT,6785629611,AT,6785629611,AT,6785629611,AT
0002431451/20,SG421,SP0001,PT200,DDP,S0010,DC10,D011,EUR,ZTCH,5929376577,7353176965,DE,7353176965,DE,7353176965,DE,7353176965,DE
0002220808/10,SG502,SP0700,PT03,DDP,S0700,DC10,PL10,PLN,TAN,9318215683,6296018319,PL,9042118034,PL,6296018319,PL,6296018319,PL
0002407755/10,SG205,SP0001,PT128,DDP,S0010,DC10,D011,EUR,TAN,2229724875,3482378074,DE,3482378074,DE,3482378074,DE,3482378074,DE
0002370846/40,SG159,SP4200,PTF7,FCA,S4200,DC10,DK20,DKK,TAN,4407107904,6730549452,DK,6730549452,DK,6730549452,DK,6730549452,DK
0002279596/60,SG322,SP1302,PT03,DDP,S1300,DC10,D015,EUR,ZTCH,3011434522,3617078005,DE,3617078005,DE,3617078005,DE,3617078005,DE
0002079842/30,SG421,SP0001,PTD1,DDP,S0010,DC10,D011,EUR,TAN,5328351037,387007695,DE,4273927472,DE,5506299787,DE,5506299787,DE
0002383856/100,SG828,SP2070,PT33,FCA,S2000,DC10,PL20,USD,TAN,7086414045,1531223687,US,3423383959,US,1531223687,US,1531223687,US
0002217581/10,SG205,SP0001,PT03,DDP,S0010,DC10,D011,EUR,TAN,6619643608,3645619228,DE,4414037004,DE,3645619228,DE,3645619228,DE
0002172843/10,SG828,SP0001,PT32,DAP,S0010,DC10,D011,USD,TAN,1858190328,348726596,US,2776539006,US,348726596,US,348726596,US
0002370797/10,SG548,SP0400,PT33,DDP,S0400,DC10,UK10,GBP,TAN,7303956929,659139242,GB,3859164832,GB,659139242,GB,659139242,GB
0002428030/20,SG130,SP2000,PT32,EXW,S2000,DC10,PL20,EUR,ZTCH,6905520369,5842412165,NL,2421896693,NL,5842412165,NL,5842412165,NL
0002196927/10,SG419,SP0301,PT03,FCA,S0300,DC10,NL30,USD,TAN,9308499638,510802334,DE,510802334,DE,510802334,DE,510802334,DE
0002214572/10,SG237,SP1300,PT00,DDP,S1300,DC10,D015,EUR,TAN,4550861919,2601035276,DE,2601035276,DE,2601035276,DE,2601035276,DE
0002076277/20,SG548,SP0001,PT27,DDP,S0010,DC10,D011,EUR,TAN,6259158189,9242056019,DE,9242056019,DE,6242601060,DE,6242601060,DE
0002244235/10,SG250,SP2000,PT33,DDP,S2000,DC10,PL20,EUR,TAN,5815781111,6037718172,NL,7148263687,NL,9198940849,NL,9198940849,NL
0002165783/30,SG436,SP0001,PT03,DDP,S0010,DC10,D011,EUR,TAN,8942019013,9115772393,DE,9115772393,DE,9946326346,DE,9946326346,DE
0002405623/10,SG219,SP0300,PT33,FCA,S0300,DC10,NL30,EUR,TAN,2008897310,3711491883,PL,5104619789,PL,3711491883,PL,3711491883,PL
0002153361/30,SG302,SP0300,PT26,DDP,S0300,DC10,NL30,EUR,TAN,8662710031,6068185269,DE,459209794,DE,2555965934,DE,2555965934,DE
0002443119/10,SG322,SP0001,PT232,DDP,S0010,DC10,D011,EUR,TAN,3346469956,1547188062,DE,7255904373,DE,1547188062,DE,1547188062,DE
0002329130/260,SG323,SP0001,PT32,CIP,S0010,DC10,D011,USD,TAN,7653363071,3356660324,IE,9011248866,DE,744697549,IE,744697549,IE
0002429011/10,SG938,SP4200,PT32,DDP,S4200,DC10,DK20,EUR,TAN,5773546983,5004943138,NL,9535747972,NL,8729244759,NL,8729244759,NL
0002114482/10,SG219,SP0700,PT32,DAP,S0700,DC10,PL10,EUR,TAN,6405800483,3775792943,PL,2071576259,PL,3775792943,PL,3775792943,PL
0002444603/10,SG464,SP0001,PT70,DDP,S0010,DC10,D011,EUR,TAN,2534729679,9163308947,AT,8021155383,AT,9163308947,AT,9163308947,AT
0001997433/40,SG767,SP0001,PTB9,DDP,S0010,DC10,D011,EUR,TAN,5997161404,2232016445,DE,2232016445,DE,2982543313,DE,2982543313,DE
0002090451/20,SG328,SP0001,PT591,DDP,S0010,DC10,D011,EUR,ZTCH,3050052092,8312277982,DE,8312277982,DE,5229307829,DE,8312277982,DE
0002229187/20,SG421,SP0001,PT112,DDP,S0010,DC10,D011,EUR,TAN,6621389655,8893033638,DE,8893033638,DE,8893033638,DE,8893033638,DE
0002251773/10,SGAG,SP0001,PTF7,DDP,S0010,DC10,D011,GBP,TAN,9739164670,9944712811,GB,3859164832,GB,9944712811,GB,9944712811,GB
0002251579/20,SG548,SP2000,PT32,FCA,S2000,DC10,PL20,EUR,TAN,2680081019,1095225145,DE,3043611529,DE,31412347,NL,31412347,NL
0002099992/10,SGAG,SP0001,PT95,DDP,S0010,DC10,D011,GBP,TAN,4332145329,9578223659,GB,9578223659,GB,9578223659,GB,9578223659,GB
0002028103/70,SG250,SP0001,PT33,DDP,S0010,DC10,D011,EUR,TAN,2311702521,6373368920,BE,6373368920,BE,9198940849,NL,9198940849,NL
0002304041/60,SGRJ,SP0001,PT32,DDP,S0010,DC10,D011,EUR,ZTCH,4816883780,360370169,GB,360370169,GB,360370169,GB,360370169,GB
0002331373/10,SG419,SP0001,PT42,DDP,S0010,DC10,D011,EUR,TAN,1716639498,9856149772,DE,9856149772,DE,9856149772,DE,9856149772,DE
0002319226/12,SG323,SP0001,PT32,CFR,S0010,DC10,D011,USD,TAN,6299419846,1223020718,IE,1691429460,TR,744697549,IE,744697549,IE
0002367938/10,SG464,SP0001,PT70,DDP,S0010,DC10,D011,EUR,TAN,6202772736,9163308947,AT,9254811839,AT,9163308947,AT,9163308947,AT
0002341917/10,SG130,SP2000,PT70,FCA,S2000,DC10,PL20,EUR,TAN,4137060847,9339024510,FR,2102674028,RS,9339024510,FR,9339024510,FR
0002411811/20,SG420,SP0001,PTB9,DDP,S0010,DC10,D011,EUR,ZTCH,2387490309,510256366,DE,7638248229,DE,510256366,DE,510256366,DE
0002014393/10,SG269,SP1300,PT03,DDP,S1300,DC10,D015,EUR,TAN,2021609560,1222844126,FI,5033221512,FI,1222844126,FI,1222844126,FI
0002233638/140,SG159,SP4200,PTF7,FCA,S4200,DC10,DK20,DKK,TAN,1255586994,8216533608,DK,451092358,DK,8216533608,DK,8216533608,DK
0002130873/40,SGAG,SP0001,PT03,DDP,S0010,DC10,D011,EUR,TAN,4617508685,4415308560,IE,1920309394,DE,4415308560,IE,4415308560,IE
0002270878/10,SG588,SP1600,PT00,DDP,S1600,DC10,NL80,EUR,TAN,7699303832,385616805,DE,9906638119,AT,385616805,DE,385616805,DE
0002033079/20,SG706,SP0300,PT32,FCA,S0300,DC10,NL30,EUR,TAN,827309343,6469031023,SE,2319707005,SE,1595570126,SE,6469031023,SE
0002290034/10,SG991,SP1300,PT128,DDP,S1300,DC10,D015,EUR,TAN,1945491147,2861235243,DE,1001205270,DE,2861235243,DE,2861235243,DE
0002060444/10,SG828,SP4600,PT10,DAP,S4600,DC10,US30,USD,TAN,3244845569,2929912517,US,3497319587,US,2929912517,US,2929912517,US
0002142798/40,SG341,SP4200,PTF7,FCA,S4200,DC10,DK20,DKK,TAN,1216384659,8216533608,DK,451092358,DK,8216533608,DK,8216533608,DK
0002439931/10,SG130,SP0001,PT70,FCA,S0010,DC10,D011,EUR,TAN,9116244533,9339024510,FR,9339024510,FR,9339024510,FR,9339024510,FR
0002155837/10,SG588,SP0001,PT100,DDP,S0010,DC10,D011,EUR,TAN,8604106512,4693977958,DE,4693977958,DE,4693977958,DE,4693977958,DE
0002199517/10,SG577,SP0001,PT33,DDP,S0010,DC10,D011,GBP,TAN,9167290064,659139242,GB,8111357091,GB,659139242,GB,659139242,GB
0002061602/10,SG209,SP0001,PT207,DDP,S0010,DC10,D011,EUR,TAN,4846430039,1105756257,DE,2181962596,DE,1105756257,DE,1105756257,DE
0002347331/10,SG250,SP0001,PT03,DDP,S0010,DC10,D011,EUR,TAN,3447754104,7834456259,NL,8598747888,DE,7834456259,NL,7834456259,NL
0002037409/10,SG250,SP0001,PT33,DDP,S0010,DC10,D011,EUR,TAN,381890430,6037718172,NL,1778633738,NL,9198940849,NL,9198940849,NL
0002336773/140,SG323,SP0001,PT32,CIP,S0010,DC10,D011,USD,TAP,3642242171,3356660324,IE,9011248866,DE,744697549,IE,744697549,IE
0002242796/10,SG269,SP0001,PT95,DDP,S0010,DC10,D011,EUR,TAN,7096395145,6547780845,FI,1133831483,FI,6547780845,FI,6547780845,FI
0002277494/10,SG130,SP2000,PT32,DDP,S2000,DC10,PL20,EUR,TAN,6905520369,5842412165,NL,2421896693,NL,5842412165,NL,5842412165,NL
0002198339/30,SG132,SP0001,PTC6,DDP,S0010,DC10,D011,EUR,TAN,9050352745,9927335532,DE,4397905417,DE,9927335532,DE,9927335532,DE
0002336724/10,SG548,SP0001,PT33,DDP,S0010,DC10,D011,EUR,TAN,4170088077,1095225145,DE,3043611529,DE,9657134080,DE,9657134080,DE
